date;id_produit;entrepôt;niveau_stock
2024-08-28;P00569;Lyon;7
2024-01-28;P00492;Lyon;268
2024-05-09;P00263;Lyon;268
2024-04-11;P00381;Marseille;154
2024-09-10;P00053;Marseille;37
2024-10-31;P00507;Marseille;22
2024-07-30;P00346;Lyon;76
2024-05-31;P00692;Marseille;209
2024-07-11;P00240;Marseille;39
2024-12-20;P00261;Lyon;50
2024-11-01;P00012;Paris;98
2024-09-13;P00009;Paris;88
2024-05-09;P00650;Paris;134
2024-01-19;P00297;Paris;114
2024-03-13;P00227;Paris;193
2024-09-26;P00099;Lyon;229
2024-02-24;P00376;Marseille;102
2024-01-21;P00588;Paris;46
2024-05-17;P00864;Marseille;232
2024-07-28;P00753;Lyon;242
2024-09-04;P00985;Lyon;218
2024-02-28;P00692;Lyon;273
2024-09-18;P00931;Paris;206
2024-11-29;P00291;Marseille;160
2024-07-28;P00633;Lyon;157
2024-05-03;P00456;Marseille;63
2024-06-27;P00090;Marseille;124
2024-12-13;P00477;Lyon;236
2024-08-03;P00628;Paris;143
2024-01-19;P00275;Lyon;230
2024-10-26;P00286;Lyon;107
2024-06-22;P00043;Lyon;2
2024-12-03;P00802;Paris;184
2024-06-06;P00712;Marseille;255
2024-10-15;P00500;Marseille;131
2024-07-03;P00553;Lyon;30
2024-03-07;P00045;Lyon;187
2024-07-07;P00433;Lyon;80
2024-12-08;P00772;Lyon;184
2024-08-19;P00196;Lyon;119
2024-05-31;P00914;Lyon;245
2024-08-11;P00573;Marseille;225
2024-05-29;P00048;Lyon;233
2024-01-19;P00442;Marseille;260
2024-05-01;P00764;Paris;47
2024-04-22;P00001;Marseille;141
2024-02-09;P00718;Marseille;185
2024-12-30;P00448;Lyon;277
2024-07-23;P00153;Lyon;167
2024-06-13;P00631;Paris;153
2024-05-31;P00248;Lyon;205
2024-09-06;P00625;Marseille;189
2024-04-03;P00595;Lyon;31
2024-07-05;P00367;Marseille;78
2024-05-28;P00973;Lyon;87
2024-10-13;P00941;Lyon;202
2024-12-18;P00658;Lyon;79
2024-01-08;P00218;Marseille;14
2024-11-23;P00457;Marseille;92
2024-06-08;P00587;Marseille;268
2024-01-30;P00465;Paris;123
2024-08-17;P00799;Lyon;239
2024-03-07;P00662;Marseille;177
2024-08-10;P00089;Paris;51
2024-06-25;P00125;Lyon;155
2024-07-10;P00037;Paris;222
2024-08-13;P00916;Lyon;159
2024-09-06;P00892;Lyon;169
2024-05-22;P00669;Paris;105
2024-05-31;P00480;Paris;296
2024-03-08;P00481;Paris;18
2024-12-23;P00974;Paris;53
2024-04-06;P00586;Lyon;271
2024-01-03;P00685;Paris;25
2024-02-11;P00041;Paris;239
2024-10-21;P00214;Paris;192
2024-03-07;P00727;Lyon;237
2024-10-30;P00136;Lyon;129
2024-11-21;P00016;Lyon;239
2024-02-21;P00187;Lyon;203
2024-08-21;P00758;Paris;83
2024-08-29;P00566;Lyon;162
2024-09-06;P00785;Lyon;122
2024-01-16;P00686;Lyon;140
2024-01-05;P00217;Paris;80
2024-03-07;P00011;Lyon;85
2024-07-01;P00866;Lyon;19
2024-06-28;P00018;Paris;93
2024-04-22;P00157;Paris;180
2024-02-11;P00029;Paris;284
2024-06-16;P00832;Marseille;124
2024-06-20;P00446;Paris;186
2024-06-30;P00004;Marseille;24
2024-08-09;P00388;Lyon;26
2024-06-22;P00595;Paris;46
2024-06-28;P00250;Paris;69
2024-09-02;P00944;Paris;134
2024-07-13;P00003;Marseille;95
2024-08-15;P00753;Paris;202
2024-07-25;P00211;Marseille;255
2024-01-21;P00638;Lyon;215
2024-09-06;P00099;Marseille;253
2024-01-03;P00992;Lyon;184
2024-05-02;P00148;Paris;197
2024-04-21;P00197;Lyon;164
2024-01-05;P00661;Paris;285
2024-07-24;P00298;Lyon;262
2024-10-11;P00658;Marseille;90
2024-10-21;P00427;Lyon;255
2024-08-11;P00100;Paris;102
2024-03-27;P00028;Paris;142
2024-10-17;P00425;Paris;189
2024-03-16;P00130;Paris;95
2024-03-11;P00070;Marseille;259
2024-05-12;P00917;Paris;100
2024-11-03;P00130;Lyon;214
2024-03-11;P00921;Marseille;72
2024-10-02;P00348;Lyon;254
2024-09-03;P00006;Paris;215
2024-04-23;P00762;Lyon;22
2024-01-23;P00846;Paris;54
2024-07-16;P00706;Marseille;95
2024-11-29;P00809;Lyon;229
2024-04-01;P00752;Paris;102
2024-09-18;P00175;Paris;228
2024-10-23;P00548;Paris;284
2024-06-01;P00483;Lyon;7
2024-09-23;P00745;Lyon;232
2024-03-19;P00051;Paris;91
2024-11-16;P00349;Lyon;54
2024-10-19;P00472;Paris;113
2024-07-27;P00610;Lyon;243
2024-11-23;P00994;Marseille;6
2024-05-27;P00215;Marseille;110
2024-05-06;P00041;Lyon;276
2024-02-25;P00547;Paris;198
2024-08-07;P00180;Lyon;67
2024-09-11;P00591;Marseille;205
2024-10-23;P00476;Paris;222
2024-07-13;P00148;Marseille;1
2024-06-18;P00149;Marseille;255
2024-07-06;P00373;Lyon;213
2024-04-01;P00022;Marseille;223
2024-10-07;P00865;Marseille;280
2024-02-13;P00594;Lyon;195
2024-06-28;P00523;Marseille;145
2024-02-09;P00551;Marseille;276
2024-04-30;P00851;Paris;134
2024-11-14;P00249;Marseille;142
2024-10-21;P00869;Paris;92
2024-05-03;P00265;Lyon;70
2024-02-01;P00406;Lyon;257
2024-12-24;P00137;Marseille;150
2024-11-25;P00659;Paris;61
2024-10-24;P00306;Paris;85
2024-01-04;P00036;Marseille;216
2024-01-19;P00426;Lyon;292
2024-04-01;P00782;Marseille;287
2024-09-03;P00800;Lyon;156
2024-12-19;P00223;Marseille;33
2024-12-02;P00794;Lyon;193
2024-05-30;P00229;Marseille;174
2024-11-22;P00564;Marseille;240
2024-03-22;P00102;Marseille;176
2024-12-28;P00966;Marseille;159
2024-10-13;P00644;Marseille;26
2024-05-22;P00259;Lyon;29
2024-01-21;P00072;Marseille;229
2024-03-08;P00642;Lyon;4
2024-04-25;P00126;Lyon;179
2024-11-19;P00366;Marseille;210
2024-10-04;P00850;Paris;37
2024-12-30;P00501;Paris;279
2024-11-28;P00535;Paris;20
2024-12-04;P00061;Marseille;219
2024-09-21;P00812;Paris;2
2024-09-22;P00991;Paris;218
2024-02-22;P00579;Lyon;151
2024-09-15;P00707;Marseille;178
2024-07-21;P00182;Lyon;272
2024-01-29;P00991;Marseille;5
2024-08-15;P00840;Marseille;231
2024-12-31;P00651;Paris;284
2024-08-07;P00444;Paris;286
2024-05-24;P00424;Lyon;152
2024-05-31;P00503;Lyon;51
2024-06-12;P00637;Lyon;273
2024-06-23;P00414;Paris;250
2024-09-09;P00543;Marseille;235
2024-05-18;P00654;Marseille;42
2024-07-03;P00616;Lyon;298
2024-10-23;P00694;Paris;276
2024-11-17;P00776;Marseille;35
2024-09-15;P00658;Paris;246
2024-01-18;P00492;Marseille;135
2024-08-30;P00849;Paris;54
2024-04-10;P00174;Lyon;179
2024-03-18;P00110;Lyon;143
2024-02-21;P00888;Paris;72
2024-06-21;P00507;Paris;100
2024-07-25;P00503;Marseille;12
2024-05-24;P00325;Marseille;83
2024-01-21;P00117;Marseille;284
2024-01-19;P00909;Paris;175
2024-09-12;P00085;Lyon;15
2024-10-02;P00936;Lyon;8
2024-10-19;P00045;Marseille;114
2024-10-27;P00890;Lyon;43
2024-11-12;P00623;Marseille;251
2024-11-13;P00530;Paris;240
2024-09-08;P00400;Paris;227
2024-05-25;P00054;Marseille;76
2024-07-13;P00641;Lyon;140
2024-07-17;P00101;Lyon;76
2024-12-29;P00713;Paris;142
2024-11-11;P00399;Marseille;172
2024-07-31;P00219;Lyon;82
2024-01-18;P00139;Lyon;109
2024-05-14;P00856;Paris;265
2024-12-23;P00348;Marseille;96
2024-10-25;P00777;Marseille;58
2024-02-26;P00361;Lyon;226
2024-12-15;P00087;Marseille;286
2024-06-13;P00839;Paris;5
2024-11-10;P00368;Marseille;117
2024-11-15;P00770;Marseille;213
2024-12-18;P00193;Marseille;92
2024-06-05;P00972;Marseille;74
2024-06-27;P00389;Marseille;98
2024-09-10;P00891;Paris;115
2024-03-04;P00375;Marseille;192
2024-03-31;P00295;Paris;85
2024-02-11;P00654;Paris;250
2024-09-25;P00854;Marseille;191
2024-10-04;P00434;Lyon;118
2024-11-19;P00956;Lyon;133
2024-05-31;P00683;Lyon;138
2024-10-20;P00382;Paris;271
2024-12-18;P00318;Lyon;0
2024-11-11;P00624;Lyon;267
2024-12-11;P00075;Paris;4
2024-12-04;P00315;Paris;99
2024-12-22;P00192;Marseille;274
2024-05-15;P00284;Lyon;227
2024-09-21;P00779;Marseille;152
2024-05-07;P00967;Paris;201
2024-10-21;P00593;Marseille;286
2024-10-25;P00688;Marseille;233
2024-11-02;P00922;Paris;65
2024-11-17;P00756;Paris;79
2024-01-08;P00549;Paris;18
2024-05-06;P00235;Marseille;60
2024-08-03;P00730;Marseille;151
2024-12-08;P00697;Paris;278
2024-07-09;P00305;Paris;184
2024-12-22;P00804;Lyon;159
2024-06-22;P00102;Lyon;37
2024-05-28;P00553;Paris;108
2024-05-06;P00013;Paris;219
2024-12-14;P00668;Marseille;74
2024-06-26;P00298;Paris;168
2024-05-26;P00559;Paris;254
2024-04-03;P00170;Marseille;141
2024-07-22;P00536;Lyon;45
2024-12-11;P00316;Lyon;52
2024-01-07;P00478;Marseille;292
2024-10-16;P00412;Marseille;191
2024-04-26;P00614;Paris;77
2024-01-17;P00027;Paris;255
2024-01-03;P00352;Lyon;81
2024-06-15;P00789;Paris;66
2024-10-30;P00951;Lyon;11
2024-05-18;P00138;Paris;34
2024-10-01;P00225;Lyon;166
2024-03-14;P00938;Paris;23
2024-12-15;P00515;Paris;81
2024-07-17;P00942;Paris;114
2024-02-02;P00525;Marseille;279
2024-12-28;P00150;Marseille;279
2024-05-16;P00094;Marseille;23
2024-12-17;P00229;Lyon;296
2024-11-22;P00869;Lyon;43
2024-09-27;P00581;Lyon;204
2024-06-21;P00325;Lyon;225
2024-08-28;P00129;Marseille;211
2024-12-13;P00580;Lyon;279
2024-10-15;P00806;Lyon;203
2024-08-31;P00264;Marseille;240
2024-11-03;P00845;Paris;189
2024-05-15;P00767;Paris;85
2024-07-30;P00724;Paris;250
2024-10-20;P00717;Lyon;276
2024-08-08;P00169;Paris;85
2024-08-15;P00336;Paris;73
2024-05-26;P00171;Lyon;36
2024-06-12;P00833;Lyon;111
2024-07-04;P00256;Marseille;178
2024-12-02;P00168;Marseille;216
2024-08-05;P00990;Lyon;86
2024-06-11;P00529;Marseille;297
2024-10-10;P00687;Lyon;213
2024-12-09;P00073;Marseille;161
2024-09-14;P00456;Paris;212
2024-04-15;P00822;Paris;126
2024-02-20;P00494;Marseille;93
2024-11-12;P00761;Paris;126
2024-02-04;P00181;Lyon;186
2024-03-08;P00734;Lyon;129
2024-04-15;P00205;Marseille;168
2024-01-24;P00982;Lyon;4
2024-12-10;P00585;Paris;162
2024-09-03;P00444;Marseille;23
2024-10-06;P00823;Lyon;101
2024-07-13;P00228;Lyon;213
2024-03-19;P00635;Marseille;37
2024-03-20;P00892;Paris;227
2024-11-02;P00036;Lyon;167
2024-02-13;P00295;Marseille;78
2024-04-18;P00239;Marseille;236
2024-08-11;P00589;Marseille;172
2024-04-27;P00026;Lyon;194
2024-01-11;P00885;Paris;155
2024-10-01;P00725;Paris;37
2024-03-26;P00893;Marseille;50
2024-01-04;P00571;Paris;145
2024-01-28;P00958;Marseille;260
2024-11-13;P00669;Lyon;95
2024-03-20;P00603;Marseille;196
2024-07-20;P00344;Paris;61
2024-12-30;P00384;Lyon;207
2024-07-17;P00691;Marseille;12
2024-10-10;P00911;Paris;16
2024-02-14;P00014;Lyon;262
2024-01-14;P00252;Marseille;126
2024-10-13;P00821;Paris;198
2024-06-03;P00232;Marseille;250
2024-04-02;P00474;Lyon;234
2024-04-30;P00342;Marseille;37
2024-08-02;P00766;Paris;298
2024-02-26;P00604;Paris;195
2024-09-04;P00288;Paris;9
2024-11-23;P00878;Paris;48
2024-09-16;P00887;Lyon;235
2024-08-05;P00871;Paris;71
2024-07-13;P00646;Paris;203
2024-07-02;P00390;Marseille;126
2024-06-06;P00149;Paris;225
2024-03-26;P00462;Marseille;255
2024-10-08;P00751;Marseille;120
2024-12-27;P00660;Marseille;288
2024-06-28;P00765;Lyon;164
2024-07-19;P00320;Marseille;71
2024-11-19;P00161;Marseille;5
2024-02-20;P00662;Lyon;209
2024-07-25;P00251;Marseille;17
2024-03-31;P00465;Lyon;112
2024-01-06;P00976;Lyon;134
2024-10-25;P00250;Marseille;1
2024-07-24;P00135;Paris;144
2024-08-10;P00306;Marseille;149
2024-03-28;P00922;Marseille;103
2024-09-02;P00091;Lyon;141
2024-10-18;P00702;Marseille;164
2024-04-03;P00485;Marseille;27
2024-07-16;P00655;Marseille;16
2024-05-03;P00467;Marseille;254
2024-01-16;P00285;Lyon;230
2024-06-21;P00305;Marseille;63
2024-01-09;P00154;Lyon;209
2024-04-17;P00090;Lyon;283
2024-10-18;P00367;Lyon;250
2024-07-04;P00768;Paris;5
2024-04-19;P00581;Marseille;248
2024-05-12;P00496;Marseille;203
2024-10-24;P00848;Paris;284
2024-12-10;P00545;Lyon;164
2024-01-01;P00063;Marseille;157
2024-10-06;P00710;Marseille;202
2024-12-11;P00214;Lyon;66
2024-11-04;P00272;Paris;63
2024-11-26;P00159;Paris;164
2024-08-28;P00156;Marseille;143
2024-06-20;P00776;Lyon;220
2024-09-16;P00889;Marseille;193
2024-01-10;P00934;Marseille;88
2024-11-25;P00131;Lyon;92
2024-05-12;P00126;Paris;61
2024-04-06;P00442;Paris;93
2024-04-01;P00079;Paris;12
2024-12-27;P00086;Marseille;80
2024-04-25;P00566;Marseille;73
2024-10-23;P00352;Marseille;65
2024-03-17;P00929;Paris;220
2024-05-05;P00733;Lyon;213
2024-10-08;P00875;Marseille;124
2024-05-28;P00617;Lyon;272
2024-09-22;P00335;Paris;48
2024-04-11;P00062;Paris;251
2024-07-03;P00619;Paris;214
2024-12-05;P00255;Marseille;118
2024-11-08;P00540;Lyon;248
2024-07-06;P00009;Lyon;227
2024-02-20;P00381;Lyon;43
2024-10-25;P00997;Paris;221
2024-05-21;P00344;Lyon;161
2024-07-23;P00775;Paris;114
2024-12-15;P00972;Lyon;229
2024-03-11;P00216;Paris;9
2024-12-02;P00956;Paris;69
2024-01-20;P00339;Marseille;35
2024-04-12;P00683;Marseille;255
2024-06-23;P00397;Marseille;86
2024-02-20;P00044;Paris;182
2024-03-27;P00986;Paris;243
2024-06-22;P00510;Paris;90
2024-04-12;P00899;Paris;267
2024-11-27;P00521;Lyon;168
2024-12-26;P00678;Marseille;256
2024-01-02;P00257;Lyon;83
2024-04-14;P00478;Paris;75
2024-08-04;P00391;Paris;35
2024-08-30;P00890;Paris;195
2024-06-10;P00245;Marseille;44
2024-10-31;P00286;Paris;149
2024-10-26;P00842;Paris;107
2024-03-13;P00331;Paris;111
2024-11-11;P00348;Paris;226
2024-08-04;P00543;Lyon;143
2024-12-30;P00887;Paris;72
2024-06-19;P00636;Paris;214
2024-04-02;P00475;Paris;165
2024-06-04;P00233;Lyon;132
2024-01-18;P00587;Paris;286
2024-04-03;P00030;Marseille;232
2024-10-02;P00007;Lyon;200
2024-05-23;P00239;Lyon;35
2024-06-05;P00815;Marseille;255
2024-06-10;P00052;Paris;177
2024-05-12;P00311;Marseille;244
2024-10-10;P00119;Lyon;265
2024-12-16;P00364;Paris;208
2024-09-02;P00599;Paris;278
2024-01-05;P00516;Paris;180
2024-08-02;P00370;Lyon;210
2024-06-29;P00246;Marseille;258
2024-12-12;P00324;Marseille;284
2024-04-12;P00192;Paris;171
2024-12-17;P00330;Marseille;218
2024-03-07;P00497;Marseille;276
2024-06-17;P00047;Paris;41
2024-03-18;P00589;Lyon;107
2024-12-26;P00958;Paris;30
2024-03-07;P00276;Paris;81
2024-10-21;P00576;Marseille;246
2024-09-22;P00482;Marseille;279
2024-07-25;P00470;Marseille;231
2024-12-10;P00168;Paris;61
2024-03-18;P00200;Paris;242
2024-09-03;P00697;Marseille;27
2024-12-05;P00607;Lyon;4
2024-06-03;P00767;Lyon;92
2024-10-17;P00794;Paris;269
2024-08-26;P00020;Marseille;133
2024-08-02;P00186;Lyon;28
2024-06-14;P00458;Paris;152
2024-06-02;P00023;Paris;298
2024-06-08;P00813;Marseille;148
2024-02-21;P00720;Paris;25
2024-09-19;P00986;Lyon;124
2024-05-13;P00603;Lyon;242
2024-08-25;P00925;Marseille;245
2024-09-25;P00002;Marseille;286
2024-05-19;P00886;Paris;76
2024-04-25;P00242;Lyon;174
2024-10-14;P00512;Marseille;131
2024-11-16;P00394;Lyon;54
2024-02-18;P00099;Paris;74
2024-02-29;P00978;Paris;168
2024-12-04;P00952;Paris;252
2024-12-26;P00916;Paris;220
2024-05-21;P00648;Paris;134
2024-03-07;P00170;Lyon;195
2024-11-26;P00671;Paris;20
2024-12-07;P00138;Lyon;11
2024-02-01;P00338;Lyon;213
2024-07-04;P00203;Paris;88
2024-05-10;P00185;Lyon;228
2024-04-06;P00561;Paris;280
2024-02-27;P00452;Paris;223
2024-11-27;P00619;Marseille;204
2024-10-17;P00952;Lyon;85
2024-06-04;P00962;Marseille;125
2024-01-17;P00707;Lyon;275
2024-02-03;P00642;Marseille;114
2024-09-24;P00071;Paris;81
2024-01-11;P00605;Marseille;199
2024-12-25;P00489;Paris;272
2024-01-08;P00393;Paris;149
2024-09-08;P00502;Lyon;199
2024-07-03;P00868;Paris;14
2024-07-22;P00031;Paris;30
2024-01-15;P00597;Marseille;280
2024-10-21;P00694;Lyon;206
2024-03-07;P00997;Lyon;255
2024-10-23;P00621;Paris;290
2024-12-14;P00568;Marseille;239
2024-01-29;P00510;Marseille;51
2024-05-18;P00253;Lyon;81
2024-02-23;P00552;Marseille;174
2024-04-27;P00080;Lyon;298
2024-03-04;P00114;Paris;276
2024-01-10;P00552;Lyon;95
2024-12-29;P00253;Marseille;224
2024-12-11;P00509;Paris;54
2024-03-07;P00657;Marseille;59
2024-12-04;P00174;Marseille;13
2024-07-21;P00254;Lyon;293
2024-10-30;P00077;Lyon;121
2024-07-05;P00849;Marseille;36
2024-09-03;P00374;Lyon;168
2024-04-25;P00104;Marseille;212
2024-08-01;P00065;Paris;220
2024-09-05;P00703;Marseille;191
2024-10-20;P00655;Paris;119
2024-11-29;P00010;Marseille;108
2024-06-20;P00972;Paris;38
2024-09-21;P00129;Lyon;114
2024-12-24;P00451;Marseille;247
2024-12-21;P00582;Lyon;295
2024-02-16;P00798;Marseille;56
2024-04-02;P00260;Paris;10
2024-02-21;P00909;Marseille;19
2024-03-02;P00816;Paris;147
2024-02-18;P00732;Lyon;43
2024-01-17;P00799;Paris;258
2024-11-11;P00627;Paris;44
2024-04-26;P00735;Paris;131
2024-12-14;P00260;Marseille;154
2024-08-31;P00124;Marseille;96
2024-06-09;P00912;Paris;47
2024-10-09;P00088;Paris;258
2024-01-21;P00924;Marseille;252
2024-02-27;P00708;Lyon;223
2024-06-20;P00035;Paris;187
2024-05-13;P00866;Marseille;30
2024-11-02;P00668;Lyon;207
2024-07-21;P00652;Lyon;152
2024-07-01;P00708;Paris;202
2024-03-19;P00108;Lyon;136
2024-03-22;P00814;Lyon;187
2024-09-20;P00701;Paris;152
2024-08-31;P00759;Lyon;116
2024-09-27;P00027;Lyon;236
2024-06-29;P00652;Paris;14
2024-08-13;P00963;Paris;112
2024-03-16;P00533;Marseille;48
2024-05-03;P00096;Lyon;61
2024-02-02;P00200;Lyon;30
2024-12-22;P00435;Marseille;57
2024-06-29;P00532;Marseille;262
2024-04-12;P00211;Lyon;117
2024-05-16;P00462;Paris;2
2024-08-20;P00474;Marseille;70
2024-03-09;P00593;Lyon;57
2024-03-20;P00590;Paris;150
2024-05-21;P00294;Paris;26
2024-10-05;P00628;Marseille;160
2024-08-09;P00183;Marseille;169
2024-01-18;P00229;Paris;274
2024-06-15;P00439;Marseille;252
2024-03-30;P00841;Marseille;238
2024-08-31;P00492;Paris;213
2024-04-08;P00822;Marseille;273
2024-10-16;P00499;Lyon;30
2024-09-19;P00304;Lyon;88
2024-05-30;P00138;Marseille;187
2024-01-16;P00147;Marseille;282
2024-11-28;P00885;Lyon;113
2024-12-10;P00738;Marseille;159
2024-06-08;P00444;Lyon;187
2024-11-01;P00643;Marseille;270
2024-07-04;P00414;Marseille;47
2024-05-03;P00136;Paris;246
2024-04-24;P00609;Lyon;30
2024-01-03;P00943;Paris;222
2024-10-30;P00650;Marseille;105
2024-07-31;P00302;Lyon;53
2024-06-16;P00938;Marseille;215
2024-10-04;P00626;Lyon;97
2024-08-03;P00142;Lyon;105
2024-10-23;P00147;Paris;96
2024-02-16;P00216;Lyon;81
2024-12-16;P00681;Marseille;12
2024-08-06;P00307;Marseille;205
2024-06-14;P00349;Paris;242
2024-11-24;P00733;Paris;86
2024-06-07;P00313;Lyon;273
2024-04-14;P00465;Marseille;204
2024-04-03;P00823;Marseille;219
2024-11-18;P00959;Lyon;46
2024-09-15;P00495;Paris;254
2024-02-03;P00519;Lyon;8
2024-01-06;P00426;Paris;60
2024-08-27;P00262;Marseille;46
2024-03-23;P00082;Lyon;276
2024-01-01;P00612;Paris;141
2024-05-26;P00959;Marseille;287
2024-08-26;P00513;Lyon;298
2024-04-24;P00821;Lyon;173
2024-05-19;P00044;Marseille;230
2024-03-24;P00774;Marseille;133
2024-12-19;P00185;Paris;264
2024-09-18;P00766;Lyon;269
2024-05-28;P00610;Paris;78
2024-02-20;P00087;Paris;98
2024-03-31;P00471;Lyon;182
2024-11-05;P00860;Lyon;285
2024-04-22;P00553;Marseille;186
2024-02-18;P00003;Paris;177
2024-07-12;P00967;Lyon;229
2024-05-08;P00824;Paris;41
2024-08-12;P00930;Marseille;119
2024-06-26;P00742;Marseille;186
2024-04-16;P00430;Paris;223
2024-08-29;P00995;Marseille;214
2024-12-11;P00452;Marseille;86
2024-07-13;P00901;Paris;45
2024-10-22;P00919;Paris;198
2024-07-17;P00993;Marseille;219
2024-11-07;P00157;Lyon;57
2024-10-23;P00333;Paris;81
2024-02-24;P00273;Paris;72
2024-08-10;P00504;Lyon;105
2024-04-26;P00043;Marseille;263
2024-12-04;P00445;Paris;281
2024-03-07;P00660;Lyon;197
2024-08-22;P00051;Lyon;4
2024-08-30;P00259;Paris;279
2024-11-18;P00418;Marseille;216
2024-09-21;P00198;Paris;249
2024-01-02;P00144;Paris;5
2024-02-08;P00985;Paris;263
2024-10-10;P00274;Lyon;172
2024-07-12;P00447;Paris;114
2024-12-24;P00825;Paris;208
2024-12-21;P00119;Paris;197
2024-11-17;P00240;Paris;2
2024-08-12;P00199;Lyon;216
2024-02-18;P00176;Marseille;95
2024-07-27;P00754;Lyon;45
2024-09-23;P00548;Marseille;298
2024-05-10;P00954;Paris;5
2024-05-19;P00139;Paris;15
2024-11-07;P00801;Paris;228
2024-01-22;P00376;Lyon;56
2024-11-14;P00584;Marseille;288
2024-12-03;P00356;Marseille;259
2024-10-14;P00358;Marseille;245
2024-10-31;P00470;Lyon;185
2024-04-18;P00656;Marseille;294
2024-08-11;P00342;Lyon;118
2024-02-05;P00121;Paris;107
2024-11-03;P00076;Lyon;165
2024-12-17;P00899;Lyon;193
2024-10-14;P00908;Paris;96
2024-05-14;P00622;Paris;179
2024-08-30;P00097;Lyon;48
2024-07-13;P00449;Lyon;33
2024-12-27;P00278;Paris;140
2024-08-04;P00456;Lyon;67
2024-06-21;P00567;Paris;137
2024-07-21;P00711;Lyon;280
2024-04-19;P00985;Marseille;205
2024-12-31;P00098;Marseille;83
2024-05-19;P00247;Lyon;243
2024-10-31;P00798;Lyon;279
2024-11-12;P00349;Marseille;9
2024-06-09;P00074;Paris;72
2024-09-21;P00551;Paris;9
2024-05-16;P00785;Marseille;102
2024-11-23;P00650;Lyon;29
2024-07-25;P00197;Paris;171
2024-11-24;P00173;Paris;254
2024-09-20;P00783;Paris;46
2024-02-03;P00606;Marseille;130
2024-12-19;P00163;Lyon;5
2024-11-16;P00434;Marseille;287
2024-08-10;P00340;Lyon;43
2024-10-04;P00792;Marseille;156
2024-09-05;P00893;Lyon;137
2024-05-24;P00421;Marseille;114
2024-05-25;P00176;Paris;180
2024-08-29;P00685;Lyon;71
2024-02-19;P00403;Paris;138
2024-06-26;P00030;Lyon;149
2024-07-09;P00570;Marseille;258
2024-09-12;P00346;Paris;270
2024-04-15;P00579;Paris;52
2024-06-12;P00033;Marseille;239
2024-06-03;P00034;Marseille;161
2024-09-20;P00955;Marseille;186
2024-11-26;P00781;Paris;292
2024-08-15;P00209;Marseille;160
2024-12-11;P00741;Lyon;183
2024-06-17;P00982;Paris;124
2024-02-08;P00357;Paris;12
2024-07-08;P00559;Lyon;30
2024-06-12;P00346;Marseille;137
2024-03-28;P00064;Marseille;201
2024-05-07;P00651;Lyon;59
2024-12-29;P00547;Marseille;132
2024-08-27;P00634;Paris;169
2024-02-25;P00609;Marseille;103
2024-08-20;P00462;Lyon;0
2024-01-31;P00690;Paris;264
2024-08-14;P00538;Marseille;108
2024-08-31;P00271;Paris;207
2024-02-05;P00743;Paris;195
2024-06-02;P00850;Lyon;30
2024-04-18;P00145;Lyon;98
2024-10-06;P00515;Lyon;182
2024-09-26;P00254;Paris;10
2024-01-27;P00402;Marseille;169
2024-04-30;P00510;Lyon;166
2024-11-25;P00677;Lyon;141
2024-09-29;P00795;Marseille;125
2024-06-06;P00796;Lyon;233
2024-08-14;P00607;Paris;272
2024-05-01;P00809;Paris;108
2024-05-31;P00511;Marseille;119
2024-07-16;P00746;Paris;124
2024-05-19;P00537;Lyon;198
2024-10-12;P00053;Lyon;216
2024-04-22;P00454;Marseille;109
2024-04-13;P00226;Marseille;144
2024-10-16;P00630;Lyon;28
2024-09-15;P00029;Lyon;268
2024-04-29;P00106;Lyon;116
2024-08-27;P00846;Lyon;91
2024-09-07;P00372;Marseille;277
2024-05-19;P00453;Lyon;107
2024-06-07;P00026;Paris;275
2024-08-11;P00970;Lyon;272
2024-07-14;P00924;Paris;10
2024-01-10;P00805;Marseille;280
2024-11-25;P00269;Marseille;76
2024-11-09;P00986;Marseille;78
2024-07-26;P00272;Marseille;225
2024-09-08;P00320;Paris;9
2024-08-20;P00741;Paris;70
2024-10-27;P00762;Marseille;168
2024-10-23;P00414;Lyon;217
2024-09-26;P00386;Marseille;56
2024-10-22;P00449;Marseille;90
2024-05-22;P00390;Paris;133
2024-05-17;P00926;Paris;233
2024-04-08;P00145;Paris;175
2024-04-25;P00015;Lyon;261
2024-09-23;P00143;Lyon;211
2024-02-24;P00294;Lyon;297
2024-02-28;P00093;Marseille;199
2024-09-14;P00081;Marseille;65
2024-09-19;P00579;Marseille;131
2024-10-09;P00436;Paris;102
2024-09-10;P00883;Marseille;119
2024-12-22;P00975;Lyon;36
2024-08-21;P00900;Paris;157
2024-10-28;P00915;Paris;110
2024-08-07;P00615;Lyon;71
2024-06-12;P00781;Marseille;147
2024-04-20;P00909;Lyon;56
2024-11-12;P00384;Marseille;138
2024-12-14;P00380;Paris;85
2024-12-25;P00740;Paris;90
2024-05-29;P00562;Lyon;119
2024-08-08;P00495;Lyon;276
2024-03-11;P00292;Marseille;281
2024-08-01;P00495;Marseille;219
2024-08-26;P00181;Paris;181
2024-01-05;P00221;Lyon;295
2024-04-19;P00721;Marseille;104
2024-11-22;P00789;Lyon;58
2024-07-24;P00032;Lyon;57
2024-11-05;P00871;Marseille;174
2024-03-15;P00014;Marseille;100
2024-03-02;P00160;Paris;121
2024-10-15;P00807;Marseille;262
2024-05-06;P00059;Marseille;298
2024-04-16;P00258;Marseille;125
2024-06-26;P00317;Lyon;229
2024-09-23;P00743;Lyon;125
2024-12-03;P00939;Lyon;173
2024-12-26;P00400;Marseille;237
2024-11-10;P00882;Paris;50
2024-02-29;P00754;Marseille;184
2024-02-08;P00060;Marseille;2
2024-04-02;P00413;Lyon;115
2024-05-30;P00702;Lyon;163
2024-06-26;P00794;Marseille;222
2024-11-03;P00192;Lyon;283
2024-08-09;P00301;Lyon;71
2024-02-28;P00988;Lyon;173
2024-02-08;P00584;Paris;171
2024-10-14;P00556;Paris;67
2024-05-14;P00791;Lyon;291
2024-08-25;P00854;Paris;58
2024-08-11;P00223;Lyon;144
2024-12-01;P00297;Lyon;140
2024-09-15;P00008;Paris;296
2024-10-19;P00433;Paris;283
2024-08-14;P00749;Marseille;187
2024-12-19;P00019;Paris;74
2024-09-03;P00827;Lyon;169
2024-05-12;P00308;Marseille;221
2024-09-12;P00209;Lyon;268
2024-09-06;P00859;Lyon;128
2024-05-29;P00167;Lyon;141
2024-03-26;P00983;Marseille;246
2024-12-12;P00332;Marseille;123
2024-12-06;P00174;Paris;193
2024-10-08;P00184;Lyon;250
2024-04-19;P00696;Lyon;161
2024-03-17;P00819;Paris;5
2024-11-14;P00499;Paris;159
2024-02-28;P00096;Marseille;68
2024-12-11;P00258;Paris;240
2024-04-21;P00743;Marseille;122
2024-05-08;P00848;Lyon;29
2024-12-15;P00711;Marseille;282
2024-06-20;P00217;Lyon;78
2024-01-08;P00775;Marseille;202
2024-06-30;P00085;Marseille;112
2024-01-03;P00625;Lyon;268
2024-03-31;P00867;Paris;226
2024-06-04;P00140;Marseille;228
2024-01-10;P00443;Lyon;11
2024-08-04;P00673;Lyon;98
2024-09-15;P00861;Marseille;23
2024-11-08;P00201;Marseille;125
2024-03-21;P00108;Marseille;92
2024-03-20;P00026;Marseille;74
2024-04-20;P00751;Lyon;45
2024-04-05;P00780;Marseille;163
2024-02-21;P00335;Lyon;213
2024-04-02;P00723;Paris;66
2024-03-28;P00812;Marseille;39
2024-11-14;P00699;Paris;143
2024-06-28;P00276;Lyon;214
2024-10-28;P00666;Marseille;129
2024-12-02;P00639;Lyon;5
2024-09-11;P00950;Marseille;73
2024-04-22;P00580;Paris;8
2024-08-18;P00912;Marseille;49
2024-04-28;P00755;Lyon;253
2024-02-23;P00924;Lyon;149
2024-12-18;P00278;Marseille;207
2024-12-11;P00070;Lyon;198
2024-07-23;P00732;Marseille;5
2024-12-27;P00485;Lyon;69
2024-11-21;P00466;Paris;284
2024-02-06;P00147;Lyon;67
2024-06-14;P00065;Lyon;73
2024-11-15;P00506;Paris;20
2024-11-08;P00895;Lyon;115
2024-11-24;P00106;Paris;193
2024-11-29;P00649;Paris;128
2024-08-08;P00772;Paris;216
2024-10-31;P00290;Marseille;6
2024-11-30;P00915;Marseille;193
2024-06-14;P00624;Paris;257
2024-07-22;P00984;Marseille;268
2024-05-28;P00103;Marseille;189
2024-10-15;P00843;Marseille;90
2024-02-20;P00321;Marseille;281
2024-02-26;P00726;Paris;124
2024-11-07;P00322;Marseille;47
2024-08-29;P00961;Lyon;50
2024-10-23;P00235;Paris;243
2024-11-24;P00075;Marseille;18
2024-12-09;P00739;Paris;4
2024-06-07;P00290;Paris;82
2024-08-18;P00935;Lyon;263
2024-01-23;P00097;Paris;29
2024-05-09;P00876;Paris;175
2024-09-06;P00356;Lyon;222
2024-12-30;P00824;Lyon;58
2024-10-31;P00907;Lyon;181
2024-01-07;P00177;Lyon;218
2024-03-20;P00040;Paris;161
2024-06-26;P00703;Paris;263
2024-10-31;P00992;Paris;120
2024-07-01;P00432;Lyon;220
2024-02-04;P00564;Paris;267
2024-07-13;P00742;Paris;285
2024-06-17;P00433;Marseille;31
2024-09-09;P00307;Lyon;156
2024-12-10;P00894;Lyon;36
2024-08-04;P00497;Lyon;298
2024-06-02;P00337;Marseille;278
2024-11-09;P00117;Lyon;114
2024-12-31;P00970;Marseille;24
2024-11-12;P00783;Lyon;148
2024-10-24;P00204;Paris;165
2024-06-16;P00112;Marseille;179
2024-05-26;P00575;Marseille;2
2024-09-03;P00653;Marseille;101
2024-01-09;P00173;Marseille;181
2024-09-25;P00415;Marseille;146
2024-08-15;P00957;Lyon;202
2024-12-03;P00515;Marseille;149
2024-07-29;P00922;Lyon;85
2024-05-15;P00540;Marseille;88
2024-04-07;P00361;Paris;215
2024-08-08;P00873;Paris;283
2024-06-10;P00227;Lyon;145
2024-05-02;P00626;Paris;112
2024-11-24;P00946;Marseille;83
2024-12-29;P00943;Lyon;64
2024-11-02;P00810;Marseille;54
2024-04-29;P00829;Paris;29
2024-10-11;P00270;Marseille;276
2024-02-08;P00736;Paris;50
2024-12-08;P00993;Paris;70
2024-01-12;P00817;Marseille;280
2024-06-16;P00316;Marseille;232
2024-02-25;P00793;Marseille;295
2024-04-06;P00720;Marseille;40
2024-07-25;P00684;Marseille;286
2024-11-13;P00771;Lyon;210
2024-10-12;P00683;Paris;145
2024-11-11;P00471;Marseille;289
2024-01-02;P00689;Marseille;5
2024-07-28;P00526;Paris;212
2024-07-05;P00281;Marseille;189
2024-02-16;P00639;Marseille;134
2024-06-11;P00622;Lyon;294
2024-07-06;P00744;Paris;22
2024-09-06;P00371;Lyon;86
2024-04-10;P00773;Paris;103
2024-03-13;P00003;Lyon;159
2024-06-01;P00122;Paris;232
2024-07-05;P00881;Paris;102
2024-02-09;P00194;Marseille;89
2024-07-31;P00995;Lyon;57
2024-03-30;P00502;Marseille;149
2024-09-25;P00135;Marseille;129
2024-08-14;P00633;Paris;160
2024-12-26;P00976;Marseille;147
2024-10-27;P00726;Marseille;141
2024-05-14;P00551;Lyon;31
2024-12-31;P00602;Lyon;238
2024-10-03;P00716;Paris;101
2024-02-27;P00107;Marseille;257
2024-08-30;P00664;Paris;181
2024-06-27;P00290;Lyon;44
2024-01-02;P00227;Marseille;281
2024-09-22;P00671;Marseille;62
2024-05-14;P00604;Lyon;93
2024-07-29;P00236;Marseille;176
2024-09-17;P00719;Paris;106
2024-07-14;P00852;Paris;260
2024-04-30;P00092;Paris;156
2024-07-14;P00787;Lyon;244
2024-06-03;P00415;Lyon;193
2024-12-13;P00711;Paris;163
2024-12-19;P00942;Lyon;240
2024-05-21;P00060;Lyon;262
2024-07-18;P00847;Marseille;109
2024-02-04;P00873;Marseille;119
2024-06-17;P00338;Paris;1
2024-01-20;P00388;Marseille;173
2024-09-01;P00070;Paris;285
2024-10-08;P00210;Marseille;21
2024-11-20;P00937;Marseille;21
2024-09-11;P00207;Lyon;46
2024-02-27;P00848;Marseille;69
2024-09-30;P00122;Lyon;275
2024-11-30;P00460;Marseille;156
2024-08-19;P00732;Paris;167
2024-09-23;P00018;Lyon;91
2024-02-11;P00439;Paris;190
2024-07-15;P00942;Marseille;198
2024-10-02;P00828;Marseille;167
2024-06-12;P00665;Marseille;293
2024-05-25;P00779;Lyon;56
2024-09-04;P00954;Lyon;237
2024-08-31;P00965;Lyon;254
2024-01-07;P00910;Paris;5
2024-12-23;P00055;Lyon;6
2024-06-22;P00134;Lyon;67
2024-01-21;P00837;Lyon;103
2024-11-27;P00209;Paris;176
2024-08-21;P00060;Paris;21
2024-08-05;P00242;Marseille;264
2024-02-03;P00876;Marseille;142
2024-02-17;P00038;Marseille;131
2024-05-22;P00820;Marseille;223
2024-01-18;P00687;Marseille;206
2024-07-15;P00363;Paris;58
2024-10-31;P00938;Lyon;293
2024-05-10;P00514;Marseille;166
2024-07-02;P00710;Paris;114
2024-02-10;P00839;Marseille;71
2024-01-13;P00050;Paris;102
2024-11-21;P00373;Paris;219
2024-01-05;P00758;Marseille;263
2024-01-13;P00980;Marseille;297
2024-02-02;P00385;Marseille;280
2024-10-24;P00614;Lyon;171
2024-11-05;P00536;Marseille;188
2024-11-27;P00689;Paris;5
2024-10-07;P00255;Paris;117
2024-09-02;P00289;Lyon;25
2024-09-22;P00383;Lyon;47
2024-07-13;P00488;Lyon;213
2024-06-18;P00952;Marseille;82
2024-10-07;P00132;Marseille;201
2024-10-28;P00142;Marseille;41
2024-11-03;P00028;Lyon;246
2024-06-12;P00360;Marseille;297
2024-04-25;P00603;Paris;249
2024-12-04;P00199;Marseille;234
2024-02-28;P00737;Paris;267
2024-04-15;P00882;Marseille;68
2024-10-04;P00798;Paris;52
2024-11-20;P00478;Lyon;290
2024-12-09;P00160;Marseille;79
2024-08-23;P00486;Marseille;180
2024-10-12;P00628;Lyon;35
2024-07-15;P00201;Paris;29
2024-03-29;P00561;Marseille;167
2024-02-12;P00933;Marseille;178
2024-09-04;P00332;Paris;162
2024-09-17;P00387;Paris;297
2024-05-07;P00345;Lyon;56
2024-10-15;P00568;Lyon;209
2024-04-22;P00327;Paris;21
2024-09-18;P00611;Marseille;10
2024-11-20;P00250;Lyon;172
2024-12-14;P00793;Lyon;194
2024-07-21;P00606;Lyon;145
2024-10-08;P00165;Paris;243
2024-01-13;P00299;Lyon;35
2024-01-31;P00009;Marseille;194
2024-07-28;P00311;Paris;224
2024-01-01;P00333;Marseille;189
2024-06-14;P00118;Marseille;264
2024-07-27;P00130;Marseille;199
2024-01-04;P00984;Lyon;147
2024-01-09;P00576;Paris;122
2024-05-23;P00441;Marseille;93
2024-10-15;P00616;Paris;214
2024-12-10;P00322;Paris;7
2024-03-24;P00978;Marseille;3
2024-10-02;P00528;Marseille;222
2024-08-03;P00046;Marseille;213
2024-08-19;P00892;Marseille;255
2024-12-01;P00540;Paris;49
2024-07-23;P00438;Lyon;135
2024-10-29;P00945;Lyon;30
2024-06-24;P00674;Lyon;238
2024-01-14;P00336;Marseille;228
2024-06-14;P00364;Marseille;170
2024-07-18;P00524;Paris;71
2024-04-11;P00160;Lyon;71
2024-03-17;P00983;Lyon;168
2024-06-23;P00402;Lyon;99
2024-02-01;P00678;Lyon;126
2024-07-16;P00084;Lyon;79
2024-09-04;P00605;Lyon;251
2024-09-21;P00618;Lyon;179
2024-01-14;P00010;Lyon;192
2024-10-27;P00574;Lyon;124
2024-11-15;P00417;Paris;76
2024-08-29;P00322;Lyon;66
2024-11-27;P00883;Paris;34
2024-10-28;P00028;Marseille;27
2024-02-21;P00689;Lyon;210
2024-08-04;P00098;Paris;165
2024-08-13;P00549;Lyon;66
2024-02-17;P00177;Marseille;134
2024-10-15;P00498;Lyon;287
2024-11-23;P00731;Paris;59
2024-02-22;P00554;Marseille;104
2024-12-26;P00939;Marseille;6
2024-07-28;P00908;Marseille;291
2024-08-06;P00979;Marseille;271
2024-01-09;P00573;Lyon;295
2024-01-25;P00307;Paris;82
2024-12-18;P00523;Paris;188
2024-06-15;P00291;Lyon;70
2024-09-24;P00818;Paris;240
2024-04-04;P00498;Paris;139
2024-08-22;P00163;Paris;161
2024-02-21;P00624;Marseille;163
2024-04-13;P00513;Marseille;4
2024-03-20;P00159;Marseille;294
2024-02-21;P00845;Lyon;21
2024-07-26;P00662;Paris;223
2024-09-06;P00844;Marseille;96
2024-11-25;P00293;Marseille;17
2024-07-13;P00944;Marseille;81
2024-02-29;P00210;Paris;56
2024-03-15;P00936;Marseille;106
2024-02-02;P00642;Paris;43
2024-11-11;P00706;Paris;130
2024-05-22;P00186;Paris;242
2024-10-10;P00903;Paris;36
2024-09-05;P00269;Lyon;296
2024-12-04;P00166;Lyon;149
2024-04-29;P00526;Lyon;275
2024-02-05;P00567;Marseille;0
2024-12-09;P00253;Paris;211
2024-04-18;P00820;Lyon;114
2024-06-19;P00796;Paris;104
2024-10-26;P00354;Marseille;168
2024-07-14;P00225;Marseille;214
2024-09-13;P00795;Paris;176
2024-04-19;P00641;Paris;191
2024-05-27;P00208;Lyon;131
2024-06-21;P00011;Marseille;176
2024-05-10;P00722;Lyon;246
2024-11-27;P00592;Marseille;55
2024-05-02;P00263;Paris;279
2024-08-29;P00822;Lyon;107
2024-10-14;P00873;Lyon;114
2024-02-02;P00946;Paris;263
2024-05-22;P00898;Paris;149
2024-02-25;P00237;Paris;281
2024-03-03;P00240;Lyon;235
2024-08-17;P00585;Lyon;296
2024-04-14;P00280;Marseille;62
2024-08-13;P00419;Marseille;213
2024-08-14;P00981;Lyon;211
2024-07-24;P00234;Marseille;163
2024-12-16;P00947;Lyon;32
2024-08-19;P00286;Marseille;270
2024-07-17;P00994;Paris;202
2024-10-22;P00783;Marseille;98
2024-10-24;P00261;Marseille;287
2024-06-17;P00232;Paris;62
2024-08-11;P00830;Paris;208
2024-01-22;P00517;Lyon;221
2024-07-27;P00805;Lyon;52
2024-09-21;P00355;Paris;2
2024-11-16;P00046;Paris;11
2024-04-04;P00415;Paris;177
2024-02-20;P00528;Paris;263
2024-06-07;P00578;Marseille;262
2024-11-15;P00820;Paris;207
2024-06-10;P00190;Marseille;117
2024-12-24;P00413;Marseille;241
2024-04-23;P00450;Lyon;294
2024-03-04;P00111;Paris;250
2024-06-01;P00001;Lyon;88
2024-10-16;P00171;Paris;69
2024-12-06;P00430;Marseille;187
2024-08-02;P00930;Lyon;72
2024-11-11;P00967;Marseille;174
2024-11-10;P00340;Paris;94
2024-02-06;P00860;Paris;259
2024-05-24;P00221;Marseille;167
2024-02-01;P00487;Marseille;219
2024-07-07;P00421;Lyon;7
2024-09-28;P00844;Paris;103
2024-06-19;P00782;Paris;260
2024-09-24;P00520;Lyon;133
2024-10-14;P00898;Marseille;143
2024-02-19;P00326;Marseille;151
2024-02-17;P00965;Paris;54
2024-05-01;P00358;Paris;277
2024-07-03;P00538;Paris;79
2024-07-30;P00826;Marseille;8
2024-11-12;P00248;Marseille;131
2024-07-30;P00284;Marseille;153
2024-02-22;P00792;Lyon;276
2024-06-11;P00463;Lyon;83
2024-07-30;P00810;Lyon;26
2024-03-18;P00144;Lyon;278
2024-09-29;P00017;Lyon;32
2024-04-03;P00613;Paris;225
2024-02-01;P00409;Lyon;139
2024-08-08;P00656;Paris;181
2024-09-02;P00675;Paris;140
2024-10-18;P00896;Marseille;93
2024-10-06;P00370;Marseille;218
2024-09-10;P00717;Marseille;54
2024-03-26;P00429;Paris;66
2024-03-19;P00667;Lyon;91
2024-08-07;P00352;Paris;178
2024-12-31;P00940;Lyon;145
2024-01-20;P00754;Paris;32
2024-12-08;P00588;Lyon;171
2024-12-26;P00402;Paris;241
2024-06-09;P00107;Paris;70
2024-10-11;P00289;Marseille;20
2024-02-21;P00740;Marseille;119
2024-03-28;P00886;Marseille;153
2024-08-06;P00385;Paris;138
2024-02-26;P00774;Paris;100
2024-04-03;P00629;Marseille;98
2024-05-23;P00890;Marseille;273
2024-05-06;P00156;Lyon;108
2024-03-24;P00626;Marseille;189
2024-01-29;P00880;Lyon;38
2024-07-26;P00927;Marseille;75
2024-10-05;P00005;Paris;65
2024-04-13;P00700;Marseille;276
2024-06-07;P00590;Lyon;190
2024-04-04;P00889;Lyon;250
2024-03-13;P00532;Paris;274
2024-12-12;P00905;Paris;27
2024-04-15;P00720;Lyon;200
2024-02-14;P00623;Lyon;283
2024-07-08;P00712;Paris;87
2024-04-03;P00814;Paris;25
2024-12-22;P00459;Marseille;75
2024-05-16;P00011;Paris;167
2024-12-31;P00281;Lyon;165
2024-12-30;P00077;Paris;81
2024-09-09;P00790;Lyon;62
2024-02-17;P00211;Paris;194
2024-03-26;P00235;Lyon;260
2024-10-14;P00991;Lyon;61
2024-02-17;P00101;Paris;235
2024-02-07;P00960;Paris;75
2024-12-05;P00078;Marseille;284
2024-08-31;P00279;Paris;48
2024-10-09;P00788;Paris;263
2024-01-18;P00891;Lyon;219
2024-02-27;P00354;Lyon;66
2024-02-02;P00374;Marseille;132
2024-08-31;P00901;Marseille;197
2024-04-11;P00039;Marseille;298
2024-02-25;P00830;Lyon;13
2024-08-16;P00057;Marseille;140
2024-02-23;P00125;Paris;237
2024-01-11;P00883;Lyon;171
2024-05-03;P00948;Lyon;139
2024-10-15;P00068;Paris;272
2024-01-09;P00738;Paris;250
2024-01-23;P00858;Lyon;290
2024-09-15;P00835;Paris;45
2024-12-17;P00337;Paris;187
2024-09-28;P00684;Paris;169
2024-12-27;P00397;Paris;276
2024-01-19;P00145;Marseille;212
2024-10-18;P00105;Lyon;42
2024-01-09;P00398;Lyon;21
2024-08-25;P00791;Paris;187
2024-10-15;P00120;Lyon;5
2024-01-11;P00261;Paris;92
2024-06-05;P00608;Lyon;15
2024-10-09;P00756;Marseille;69
2024-08-31;P00245;Paris;164
2024-07-25;P00042;Marseille;263
2024-06-17;P00639;Paris;221
2024-07-05;P00500;Lyon;151
2024-05-08;P00522;Marseille;87
2024-06-30;P00472;Lyon;159
2024-09-24;P00893;Paris;271
2024-03-18;P00416;Marseille;169
2024-11-22;P00423;Lyon;112
2024-06-01;P00103;Paris;263
2024-05-06;P00163;Marseille;52
2024-01-30;P00763;Paris;32
2024-02-17;P00365;Lyon;67
2024-08-18;P00328;Marseille;251
2024-02-23;P00411;Lyon;161
2024-02-20;P00407;Paris;6
2024-12-29;P00195;Lyon;52
2024-09-13;P00265;Marseille;244
2024-11-01;P00273;Lyon;122
2024-08-12;P00448;Paris;35
2024-12-07;P00586;Marseille;90
2024-06-03;P00964;Lyon;197
2024-06-16;P00990;Marseille;45
2024-01-08;P00959;Paris;254
2024-04-11;P00032;Paris;246
2024-04-05;P00391;Lyon;159
2024-12-29;P00807;Paris;118
2024-05-06;P00714;Lyon;70
2024-08-05;P00859;Paris;57
2024-01-02;P00853;Lyon;178
2024-10-16;P00100;Marseille;15
2024-05-11;P00719;Marseille;272
2024-06-22;P00687;Paris;124
2024-03-04;P00694;Marseille;243
2024-11-05;P00051;Marseille;155
2024-05-02;P00811;Lyon;33
2024-10-26;P00714;Marseille;164
2024-08-30;P00864;Lyon;165
2024-04-10;P00727;Paris;52
2024-11-02;P00851;Marseille;99
2024-03-25;P00062;Lyon;6
2024-05-30;P01000;Marseille;133
2024-05-08;P00574;Paris;173
2024-03-12;P00855;Paris;165
2024-11-27;P00523;Lyon;131
2024-05-18;P00098;Lyon;11
2024-05-17;P00312;Lyon;59
2024-03-16;P00364;Lyon;248
2024-08-02;P00827;Paris;288
2024-09-05;P00499;Marseille;166
2024-10-16;P00739;Lyon;297
2024-06-24;P00944;Lyon;244
2024-08-01;P00046;Lyon;299
2024-02-23;P00611;Lyon;251
2024-12-25;P00233;Paris;125
2024-01-08;P00826;Paris;189
2024-07-25;P00057;Paris;42
2024-01-11;P00473;Lyon;276
2024-03-22;P00707;Paris;30
2024-03-15;P00266;Paris;118
2024-09-13;P00817;Lyon;163
2024-08-21;P00206;Marseille;145
2024-05-31;P00935;Marseille;146
2024-02-20;P00637;Paris;115
2024-11-22;P00777;Paris;80
2024-02-19;P00903;Lyon;238
2024-09-22;P00828;Lyon;206
2024-08-27;P00625;Paris;260
2024-02-24;P00470;Paris;136
2024-01-31;P00979;Lyon;168
2024-10-19;P00606;Paris;202
2024-09-24;P00576;Lyon;82
2024-08-30;P00582;Paris;153
2024-06-09;P00641;Marseille;173
2024-02-18;P00333;Lyon;287
2024-11-02;P00960;Lyon;291
2024-09-30;P00763;Marseille;258
2024-11-30;P00325;Paris;13
2024-09-16;P00424;Marseille;92
2024-01-24;P00210;Lyon;51
2024-05-08;P00768;Marseille;23
2024-02-27;P00550;Paris;103
2024-09-10;P00928;Lyon;193
2024-02-10;P00769;Lyon;201
2024-05-31;P00773;Lyon;271
2024-06-11;P00939;Paris;200
2024-04-17;P00897;Paris;265
2024-03-28;P00127;Marseille;297
2024-04-12;P00264;Lyon;41
2024-06-01;P00953;Lyon;145
2024-07-12;P00645;Lyon;42
2024-11-26;P00954;Marseille;47
2024-02-23;P00351;Paris;162
2024-08-18;P00790;Marseille;65
2024-10-20;P00572;Marseille;267
2024-04-22;P00481;Marseille;136
2024-07-18;P00087;Lyon;103
2024-02-13;P00620;Lyon;129
2024-02-22;P00116;Lyon;87
2024-08-20;P00879;Paris;13
2024-10-05;P00872;Marseille;98
2024-12-26;P00058;Marseille;172
2024-08-09;P00443;Marseille;134
2024-08-06;P00982;Marseille;25
2024-11-28;P00857;Marseille;296
2024-07-17;P00569;Marseille;83
2024-01-22;P00761;Lyon;47
2024-02-04;P00889;Paris;53
2024-10-19;P00874;Marseille;251
2024-08-06;P00455;Lyon;263
2024-04-27;P00144;Marseille;278
2024-09-03;P00748;Lyon;245
2024-09-14;P00006;Lyon;182
2024-12-26;P00586;Paris;29
2024-09-15;P00747;Marseille;286
2024-11-01;P00342;Paris;86
2024-12-01;P00932;Marseille;267
2024-04-29;P00275;Marseille;245
2024-06-30;P00813;Lyon;238
2024-09-07;P00636;Lyon;26
2024-04-01;P00155;Lyon;218
2024-01-22;P00560;Marseille;261
2024-09-02;P00277;Paris;10
2024-01-11;P00594;Paris;164
2024-11-22;P00979;Paris;109
2024-07-02;P00293;Lyon;273
2024-03-11;P00550;Marseille;209
2024-07-17;P00427;Marseille;5
2024-06-23;P00852;Marseille;160
2024-10-25;P00375;Paris;216
2024-06-21;P00934;Lyon;118
2024-01-04;P00102;Paris;84
2024-01-08;P00404;Paris;98
2024-02-27;P00829;Marseille;69
2024-09-19;P00834;Marseille;50
2024-06-13;P00047;Lyon;289
2024-09-05;P00674;Marseille;93
2024-04-29;P00598;Paris;198
2024-10-29;P00644;Lyon;239
2024-01-15;P00562;Paris;201
2024-02-12;P00963;Lyon;232
2024-01-26;P00910;Marseille;207
2024-11-05;P00678;Paris;0
2024-09-02;P00872;Paris;171
2024-05-14;P00640;Paris;187
2024-06-08;P00398;Marseille;53
2024-02-25;P00775;Lyon;17
2024-12-02;P00237;Lyon;144
2024-11-08;P00288;Lyon;189
2024-09-08;P00858;Marseille;196
2024-05-23;P00113;Marseille;130
2024-10-19;P00999;Lyon;88
2024-07-10;P00469;Marseille;80
2024-12-01;P00454;Lyon;197
2024-11-20;P00968;Lyon;10
2024-04-11;P00735;Lyon;178
2024-06-14;P00879;Lyon;31
2024-01-07;P00242;Paris;98
2024-11-08;P00150;Lyon;1
2024-12-25;P00978;Lyon;77
2024-08-30;P00832;Paris;36
2024-08-22;P00840;Paris;10
2024-08-25;P00382;Marseille;77
2024-12-01;P00643;Lyon;214
2024-02-17;P00920;Paris;142
2024-06-14;P00231;Lyon;64
2024-07-19;P00052;Lyon;104
2024-11-04;P00154;Marseille;129
2024-11-26;P00809;Marseille;227
2024-02-04;P00612;Lyon;66
2024-09-23;P00531;Paris;260
2024-01-25;P00431;Marseille;57
2024-03-28;P00055;Paris;94
2024-01-01;P00653;Paris;247
2024-09-30;P00906;Marseille;42
2024-09-26;P00231;Paris;281
2024-11-24;P00379;Paris;203
2024-08-21;P00237;Marseille;19
2024-06-17;P00682;Marseille;141
2024-02-24;P00172;Lyon;16
2024-04-27;P00285;Marseille;167
2024-01-02;P00582;Marseille;147
2024-06-24;P00597;Paris;140
2024-07-20;P00608;Marseille;229
2024-04-04;P00983;Paris;199
2024-04-20;P00666;Paris;255
2024-03-24;P00535;Lyon;241
2024-10-08;P00530;Lyon;115
2024-02-04;P00640;Lyon;30
2024-10-10;P00119;Marseille;150
2024-08-24;P00623;Paris;273
2024-06-02;P00048;Marseille;90
2024-10-31;P00862;Paris;49
2024-09-17;P00480;Lyon;269
2024-05-28;P00539;Paris;168
2024-10-08;P00285;Paris;59
2024-02-20;P00919;Marseille;167
2024-05-15;P00764;Lyon;2
2024-03-06;P00937;Lyon;202
2024-04-16;P00679;Marseille;78
2024-12-14;P00204;Marseille;46
2024-12-25;P00812;Lyon;161
2024-02-01;P00620;Marseille;265
2024-01-27;P00323;Lyon;17
2024-12-22;P00133;Marseille;273
2024-03-23;P00592;Paris;165
2024-08-15;P00676;Marseille;60
2024-11-05;P00376;Paris;99
2024-07-25;P00161;Lyon;82
2024-05-21;P00473;Paris;81
2024-11-23;P00436;Lyon;255
2024-12-28;P00111;Marseille;16
2024-12-04;P00305;Lyon;288
2024-12-23;P00765;Paris;187
2024-09-29;P00714;Paris;239
2024-11-09;P00292;Lyon;24
2024-01-14;P00647;Marseille;119
2024-12-25;P00358;Lyon;146
2024-07-14;P00876;Lyon;292
2024-11-08;P00830;Marseille;81
2024-03-14;P00884;Lyon;219
2024-08-29;P00092;Lyon;207
2024-01-30;P00300;Paris;246
2024-06-23;P00065;Marseille;120
2024-08-21;P00219;Marseille;117
2024-09-18;P00440;Lyon;299
2024-02-15;P00596;Marseille;193
2024-09-05;P00821;Marseille;157
2024-03-31;P00745;Marseille;29
2024-07-11;P00248;Paris;54
2024-10-30;P00436;Marseille;79
2024-03-23;P00161;Paris;162
2024-05-30;P00312;Paris;298
2024-06-12;P00657;Lyon;170
2024-12-16;P00387;Lyon;204
2024-05-31;P00574;Marseille;197
2024-03-11;P00334;Paris;33
2024-12-25;P00296;Lyon;214
2024-02-05;P00042;Paris;78
2024-10-01;P00589;Paris;9
2024-04-10;P00682;Paris;32
2024-04-22;P00321;Paris;208
2024-10-05;P00659;Lyon;185
2024-10-20;P00948;Marseille;40
2024-05-20;P00429;Lyon;4
2024-06-06;P00494;Paris;194
2024-09-06;P00870;Marseille;29
2024-08-09;P00874;Lyon;254
2024-09-12;P00791;Marseille;166
2024-12-02;P00789;Marseille;269
2024-09-12;P00544;Marseille;161
2024-11-13;P00977;Paris;45
2024-06-29;P00705;Paris;25
2024-06-11;P00318;Marseille;44
2024-02-06;P00016;Marseille;278
2024-01-31;P00366;Paris;263
2024-12-19;P00021;Lyon;188
2024-12-07;P00838;Paris;200
2024-11-28;P00902;Lyon;167
2024-03-18;P00980;Paris;265
2024-02-22;P00347;Paris;243
2024-02-04;P00503;Paris;98
2024-08-12;P00933;Paris;51
2024-08-05;P00755;Paris;51
2024-05-23;P00532;Lyon;123
2024-11-30;P00841;Paris;95
2024-10-08;P00880;Marseille;215
2024-08-25;P00086;Paris;127
2024-02-06;P00664;Lyon;156
2024-10-25;P00923;Lyon;294
2024-09-16;P00395;Paris;36
2024-12-02;P00226;Lyon;141
2024-06-11;P00484;Paris;195
2024-08-20;P00618;Marseille;35
2024-10-19;P00897;Lyon;26
2024-02-11;P00565;Paris;108
2024-01-07;P00564;Lyon;216
2024-05-15;P00854;Lyon;246
2024-10-07;P00112;Paris;47
2024-07-18;P00885;Marseille;251
2024-06-15;P00329;Marseille;109
2024-09-24;P00567;Lyon;100
2024-02-13;P00490;Marseille;164
2024-04-19;P00124;Lyon;86
2024-04-02;P00996;Lyon;242
2024-07-06;P00067;Marseille;142
2024-09-29;P00718;Lyon;241
2024-02-22;P00398;Paris;36
2024-12-30;P00377;Paris;0
2024-04-27;P00595;Marseille;106
2024-06-15;P00501;Marseille;12
2024-11-04;P00033;Paris;126
2024-07-04;P00059;Lyon;35
2024-10-09;P00141;Marseille;275
2024-08-07;P00797;Marseille;187
2024-07-11;P00657;Paris;228
2024-11-18;P00274;Paris;160
2024-12-24;P00351;Lyon;12
2024-01-19;P00071;Lyon;130
2024-02-06;P00266;Marseille;48
2024-02-28;P00894;Marseille;147
2024-07-17;P00463;Marseille;115
2024-06-01;P00744;Marseille;239
2024-05-06;P00555;Paris;17
2024-09-01;P00497;Paris;247
2024-11-05;P00282;Lyon;91
2024-03-27;P00362;Marseille;146
2024-04-12;P00340;Marseille;237
2024-06-07;P00575;Lyon;200
2024-09-18;P00299;Paris;74
2024-07-30;P00203;Marseille;176
2024-02-06;P00803;Paris;242
2024-08-25;P00438;Marseille;44
2024-08-14;P00530;Marseille;80
2024-09-21;P00120;Paris;115
2024-02-06;P00385;Lyon;65
2024-05-28;P00963;Marseille;263
2024-05-08;P00343;Paris;47
2024-10-13;P00114;Lyon;51
2024-11-27;P00824;Marseille;172
2024-10-21;P00417;Lyon;61
2024-04-30;P00723;Marseille;21
2024-01-03;P00274;Marseille;35
2024-02-01;P00700;Lyon;90
2024-08-28;P00469;Paris;13
2024-12-24;P00158;Paris;139
2024-06-16;P00998;Paris;146
2024-05-06;P00729;Lyon;10
2024-05-17;P00241;Marseille;219
2024-03-24;P00110;Marseille;192
2024-09-03;P00800;Marseille;113
2024-01-10;P00477;Paris;32
2024-02-18;P00477;Marseille;249
2024-12-25;P00917;Marseille;236
2024-03-07;P00166;Marseille;292
2024-05-07;P00912;Lyon;269
2024-02-27;P00786;Marseille;206
2024-06-19;P00455;Marseille;195
2024-03-14;P00632;Paris;258
2024-04-01;P00558;Lyon;10
2024-02-02;P00738;Lyon;38
2024-07-10;P00338;Marseille;264
2024-12-04;P00393;Marseille;149
2024-12-18;P00047;Marseille;13
2024-05-19;P00484;Marseille;234
2024-07-30;P00001;Paris;196
2024-01-22;P00006;Marseille;138
2024-03-08;P00516;Marseille;82
2024-07-04;P00745;Paris;58
2024-02-17;P00831;Marseille;138
2024-03-27;P00832;Lyon;75
2024-02-08;P00378;Paris;204
2024-02-12;P00632;Marseille;247
2024-01-06;P00395;Marseille;82
2024-05-31;P00372;Paris;23
2024-05-21;P00363;Lyon;19
2024-10-02;P00413;Paris;89
2024-12-14;P00757;Marseille;250
2024-02-26;P00380;Marseille;110
2024-01-08;P00483;Paris;261
2024-08-20;P00401;Lyon;221
2024-08-08;P00049;Paris;160
2024-06-18;P00466;Marseille;55
2024-05-18;P00105;Marseille;239
2024-06-14;P00203;Lyon;250
2024-11-12;P00715;Lyon;78
2024-08-10;P00713;Marseille;163
2024-07-14;P00529;Lyon;49
2024-06-27;P00563;Marseille;203
2024-08-23;P00226;Paris;124
2024-03-07;P00608;Paris;152
2024-06-09;P00390;Lyon;56
2024-01-30;P00634;Lyon;207
2024-07-05;P01000;Lyon;127
2024-11-01;P00109;Paris;13
2024-12-18;P00491;Lyon;192
2024-01-19;P00784;Lyon;129
2024-08-25;P00173;Lyon;103
2024-04-03;P00378;Marseille;291
2024-02-24;P00744;Lyon;103
2024-05-06;P00164;Paris;248
2024-09-11;P00996;Paris;177
2024-12-30;P00197;Marseille;186
2024-05-31;P00688;Paris;67
2024-08-06;P00004;Paris;57
2024-02-23;P00545;Paris;137
2024-05-08;P00804;Marseille;178
2024-08-08;P00109;Marseille;272
2024-07-19;P00449;Paris;97
2024-07-31;P00357;Lyon;85
2024-10-10;P00716;Lyon;158
2024-04-12;P00212;Marseille;104
2024-12-27;P00645;Paris;156
2024-10-30;P00243;Lyon;109
2024-04-12;P00621;Marseille;87
2024-08-06;P00292;Paris;16
2024-01-06;P00294;Marseille;78
2024-05-08;P00428;Marseille;231
2024-04-22;P00773;Marseille;34
2024-12-07;P00834;Lyon;166
2024-10-15;P00701;Lyon;259
2024-01-19;P00898;Lyon;182
2024-12-10;P00194;Lyon;16
2024-03-14;P00475;Marseille;97
2024-10-15;P00726;Lyon;20
2024-02-05;P00835;Lyon;123
2024-12-31;P00123;Paris;49
2024-03-05;P00627;Marseille;260
2024-12-06;P00032;Marseille;296
2024-09-30;P00455;Paris;281
2024-07-31;P00180;Paris;45
2024-11-06;P00969;Marseille;133
2024-01-24;P00256;Paris;206
2024-06-26;P00151;Lyon;207
2024-12-28;P00331;Lyon;156
2024-10-23;P00500;Paris;292
2024-02-20;P00920;Marseille;113
2024-02-29;P00818;Lyon;66
2024-01-05;P00073;Paris;219
2024-03-19;P00129;Paris;212
2024-02-24;P00377;Marseille;15
2024-05-01;P00778;Lyon;54
2024-10-10;P00677;Marseille;107
2024-09-26;P00310;Marseille;218
2024-08-25;P00239;Paris;128
2024-12-30;P00056;Marseille;267
2024-04-12;P00846;Marseille;177
2024-05-28;P00270;Lyon;152
2024-10-23;P00896;Paris;249
2024-06-16;P00329;Paris;237
2024-08-06;P00353;Paris;191
2024-09-07;P00403;Marseille;220
2024-02-28;P00755;Marseille;221
2024-10-30;P00167;Paris;182
2024-03-01;P00420;Marseille;193
2024-02-12;P00534;Marseille;77
2024-05-03;P00749;Lyon;123
2024-05-30;P00816;Marseille;3
2024-05-28;P00324;Lyon;171
2024-08-24;P00866;Paris;160
2024-12-02;P00569;Paris;186
2024-10-13;P00573;Paris;266
2024-03-12;P00267;Lyon;152
2024-05-16;P00058;Paris;151
2024-05-18;P00976;Paris;176
2024-08-19;P00233;Marseille;256
2024-08-10;P00222;Marseille;11
2024-09-13;P00450;Marseille;291
2024-11-05;P00974;Lyon;186
2024-04-24;P00056;Lyon;152
2024-09-15;P00859;Marseille;170
2024-08-07;P00631;Marseille;177
2024-12-04;P00317;Paris;53
2024-01-28;P00504;Paris;94
2024-05-08;P00709;Lyon;224
2024-11-14;P00064;Lyon;218
2024-04-12;P00035;Lyon;205
2024-07-05;P00951;Paris;156
2024-02-12;P00366;Lyon;181
2024-04-04;P00012;Lyon;31
2024-10-02;P00778;Marseille;10
2024-04-18;P00521;Paris;2
2024-08-20;P00547;Lyon;91
2024-08-29;P00040;Lyon;216
2024-05-16;P00541;Marseille;254
2024-06-03;P00267;Marseille;49
2024-03-03;P00831;Paris;17
2024-04-17;P00353;Lyon;199
2024-03-30;P00225;Paris;276
2024-08-24;P00347;Lyon;104
2024-10-21;P00670;Lyon;272
2024-04-19;P00637;Marseille;202
2024-09-04;P00931;Lyon;174
2024-05-10;P00029;Marseille;96
2024-05-22;P00600;Marseille;252
2024-06-10;P00490;Paris;88
2024-11-21;P00311;Lyon;20
2024-06-08;P00245;Lyon;14
2024-10-14;P00760;Paris;111
2024-10-16;P00343;Marseille;283
2024-12-16;P00005;Marseille;244
2024-11-18;P00966;Lyon;234
2024-10-15;P00128;Paris;285
2024-06-22;P00925;Paris;189
2024-09-25;P00724;Lyon;161
2024-10-03;P00514;Lyon;64
2024-02-06;P00665;Lyon;174
2024-01-12;P00779;Paris;252
2024-04-14;P00601;Marseille;276
2024-08-21;P00577;Marseille;80
2024-11-08;P00164;Marseille;236
2024-08-09;P00940;Marseille;141
2024-08-22;P00817;Paris;208
2024-01-22;P00397;Lyon;195
2024-07-08;P00408;Marseille;270
2024-11-13;P00369;Lyon;167
2024-03-19;P00152;Paris;190
2024-06-02;P00425;Lyon;271
2024-10-09;P00262;Paris;259
2024-08-01;P00652;Marseille;76
2024-12-13;P00724;Marseille;256
2024-02-06;P00284;Paris;137
2024-08-24;P00300;Lyon;165
2024-10-17;P00334;Marseille;166
2024-06-28;P00649;Lyon;198
2024-06-26;P00663;Marseille;160
2024-08-02;P00452;Lyon;167
2024-08-31;P00230;Paris;289
2024-04-19;P00283;Marseille;25
2024-03-18;P00172;Marseille;247
2024-12-07;P00375;Lyon;184
2024-07-16;P00786;Lyon;57
2024-11-27;P00036;Paris;176
2024-01-31;P00266;Lyon;152
2024-08-11;P00451;Paris;294
2024-05-27;P00647;Lyon;32
2024-12-26;P00259;Marseille;51
2024-06-17;P00076;Marseille;61
2024-09-03;P00801;Marseille;290
2024-06-24;P00016;Paris;31
2024-09-15;P00788;Marseille;278
2024-03-12;P00514;Paris;100
2024-05-13;P00966;Paris;20
2024-09-03;P00012;Marseille;188
2024-06-20;P00825;Marseille;118
2024-04-08;P00874;Paris;265
2024-04-29;P00857;Paris;154
2024-07-21;P00216;Marseille;156
2024-06-28;P00948;Paris;181
2024-03-09;P00632;Lyon;16
2024-09-29;P00904;Marseille;211
2024-11-09;P00805;Paris;288
2024-07-26;P00438;Paris;110
2024-02-25;P00471;Paris;43
2024-06-27;P00949;Lyon;94
2024-11-30;P00464;Paris;104
2024-04-15;P00703;Lyon;7
2024-01-24;P00594;Marseille;195
2024-06-17;P00486;Lyon;69
2024-10-29;P00184;Paris;46
2024-01-11;P00886;Lyon;14
2024-11-28;P00648;Marseille;60
2024-12-24;P00562;Marseille;169
2024-10-11;P00146;Paris;107
2024-03-28;P00524;Lyon;136
2024-04-08;P00086;Lyon;94
2024-08-04;P00195;Marseille;256
2024-06-08;P00181;Marseille;193
2024-05-17;P00155;Paris;117
2024-02-26;P00185;Marseille;258
2024-03-16;P00842;Lyon;174
2024-11-30;P00442;Lyon;49
2024-12-29;P00519;Paris;88
2024-09-17;P00407;Marseille;253
2024-03-05;P00038;Lyon;189
2024-01-07;P00212;Paris;161
2024-12-01;P00113;Paris;92
2024-09-08;P00309;Lyon;2
2024-08-30;P00399;Lyon;295
2024-02-23;P00867;Marseille;129
2024-03-24;P00542;Paris;145
2024-03-13;P00320;Lyon;207
2024-09-06;P00974;Marseille;186
2024-04-03;P00507;Lyon;288
2024-09-11;P00406;Marseille;88
2024-10-19;P00401;Paris;286
2024-06-05;P00200;Marseille;229
2024-07-14;P00128;Lyon;60
2024-01-27;P00368;Paris;65
2024-01-20;P00022;Lyon;142
2024-03-18;P00220;Lyon;138
2024-11-13;P00575;Paris;67
2024-02-26;P00910;Lyon;204
2024-05-29;P00955;Lyon;8
2024-04-28;P00024;Marseille;113
2024-08-05;P00169;Marseille;293
2024-05-10;P00677;Paris;20
2024-08-08;P00756;Lyon;139
2024-03-21;P00332;Lyon;75
2024-06-17;P00474;Paris;177
2024-03-10;P00816;Lyon;50
2024-07-28;P00597;Lyon;159
2024-04-29;P00563;Lyon;256
2024-08-12;P00038;Paris;209
2024-06-22;P00379;Lyon;271
2024-01-25;P00177;Paris;208
2024-11-14;P00802;Lyon;34
2024-07-15;P00033;Lyon;208
2024-09-29;P00383;Paris;180
2024-06-30;P00638;Paris;62
2024-07-21;P00851;Lyon;164
2024-04-22;P00829;Lyon;137
2024-07-13;P00511;Paris;190
2024-05-31;P00300;Marseille;216
2024-07-06;P00251;Paris;90
2024-05-10;P00998;Lyon;250
2024-02-13;P00984;Paris;56
2024-02-20;P00115;Paris;129
2024-12-28;P00363;Marseille;22
2024-02-22;P00493;Marseille;6
2024-06-24;P00172;Paris;195
2024-11-25;P00680;Lyon;264
2024-10-21;P00907;Paris;175
2024-07-17;P00123;Lyon;126
2024-04-28;P00180;Marseille;189
2024-07-23;P00127;Lyon;183
2024-12-15;P00287;Marseille;96
2024-07-21;P00356;Paris;2
2024-10-30;P00435;Paris;124
2024-07-02;P00799;Marseille;204
2024-03-02;P00962;Lyon;189
2024-12-11;P00996;Marseille;24
2024-01-22;P00137;Lyon;11
2024-01-04;P00646;Lyon;244
2024-10-02;P00066;Marseille;76
2024-09-11;P00701;Marseille;186
2024-05-31;P00143;Paris;66
2024-04-25;P00545;Marseille;213
2024-04-16;P00659;Marseille;45
2024-02-17;P00187;Paris;88
2024-09-29;P00815;Lyon;31
2024-03-02;P00327;Marseille;0
2024-08-10;P00450;Paris;211
2024-06-09;P00207;Paris;162
2024-07-28;P00244;Paris;64
2024-05-13;P00428;Lyon;92
2024-10-16;P00067;Lyon;25
2024-07-03;P00667;Paris;232
2024-08-21;P00856;Lyon;226
2024-11-15;P00558;Paris;80
2024-05-26;P00048;Paris;220
2024-10-28;P00808;Lyon;110
2024-05-21;P00082;Marseille;181
2024-01-01;P00467;Paris;88
2024-03-24;P00314;Paris;190
2024-07-03;P00917;Lyon;46
2024-01-12;P00981;Marseille;279
2024-12-16;P00746;Marseille;95
2024-02-29;P00752;Marseille;287
2024-09-01;P00214;Marseille;238
2024-10-09;P00681;Lyon;18
2024-04-29;P00121;Marseille;78
2024-10-12;P00838;Marseille;46
2024-03-14;P00636;Marseille;126
2024-03-22;P00030;Paris;14
2024-04-30;P00313;Marseille;193
2024-10-25;P00670;Paris;147
2024-06-27;P00536;Paris;82
2024-06-02;P00268;Lyon;86
2024-03-16;P00396;Paris;123
2024-06-12;P00901;Lyon;63
2024-02-23;P00715;Paris;139
2024-10-18;P00702;Paris;241
2024-11-07;P00533;Lyon;217
2024-04-27;P00115;Lyon;139
2024-09-23;P00049;Lyon;128
2024-07-01;P00430;Lyon;12
2024-11-16;P00079;Lyon;234
2024-07-09;P00179;Lyon;138
2024-04-05;P00315;Lyon;138
2024-01-26;P00993;Lyon;8
2024-03-05;P00561;Lyon;11
2024-01-22;P00843;Lyon;139
2024-09-07;P00949;Marseille;77
2024-01-03;P00935;Paris;267
2024-11-04;P00560;Lyon;159
2024-01-01;P00964;Marseille;128
2024-03-27;P00825;Lyon;95
2024-08-29;P00782;Lyon;223
2024-12-19;P00609;Paris;165
2024-09-04;P00393;Lyon;99
2024-01-08;P00813;Paris;186
2024-03-10;P00663;Paris;123
2024-09-11;P00811;Paris;191
2024-11-19;P00446;Lyon;175
2024-09-21;P00202;Marseille;239
2024-01-07;P00710;Lyon;168
2024-01-17;P00958;Lyon;264
2024-01-05;P00133;Lyon;93
2024-12-26;P00989;Marseille;179
2024-08-05;P00556;Lyon;89
2024-11-21;P00865;Lyon;127
2024-04-22;P00508;Lyon;259
2024-06-02;P00543;Paris;280
2024-04-04;P00447;Lyon;235
2024-10-28;P00834;Paris;279
2024-09-25;P00445;Marseille;184
2024-06-21;P00526;Marseille;224
2024-08-16;P00956;Marseille;99
2024-09-02;P00186;Marseille;96
2024-02-18;P00206;Paris;197
2024-11-30;P00879;Marseille;246
2024-09-27;P00760;Lyon;227
2024-12-09;P00987;Marseille;254
2024-12-15;P00810;Paris;236
2024-08-29;P00468;Marseille;5
2024-12-23;P00565;Marseille;38
2024-06-06;P00223;Paris;263
2024-10-10;P00100;Lyon;42
2024-01-28;P00671;Lyon;273
2024-10-23;P00759;Paris;225
2024-08-04;P00104;Paris;137
2024-05-04;P00067;Paris;276
2024-01-18;P00750;Paris;122
2024-02-28;P00807;Lyon;211
2024-12-22;P00344;Marseille;2
2024-06-28;P00088;Marseille;83
2024-01-30;P00151;Paris;134
2024-01-25;P00182;Paris;63
2024-10-21;P00905;Marseille;56
2024-10-08;P00418;Paris;170
2024-12-13;P00222;Lyon;140
2024-08-04;P00634;Marseille;79
2024-07-04;P00613;Lyon;149
2024-07-28;P00427;Paris;271
2024-12-10;P00753;Marseille;193
2024-08-31;P00583;Lyon;23
2024-10-12;P00557;Marseille;29
2024-07-12;P00310;Paris;73
2024-05-20;P00252;Lyon;66
2024-11-20;P00932;Lyon;44
2024-10-14;P00482;Lyon;78
2024-08-04;P00466;Lyon;193
2024-11-08;P00453;Marseille;36
2024-07-29;P00731;Lyon;70
2024-05-13;P00718;Paris;4
2024-12-11;P00977;Lyon;147
2024-03-21;P00943;Marseille;43
2024-11-29;P00359;Marseille;238
2024-10-08;P00150;Paris;278
2024-04-05;P00206;Lyon;205
2024-06-02;P00920;Lyon;224
2024-09-08;P00763;Lyon;297
2024-11-17;P00919;Lyon;299
2024-10-11;P00260;Lyon;67
2024-04-21;P00612;Marseille;15
2024-08-25;P00091;Marseille;241
2024-03-04;P00680;Marseille;194
2024-07-13;P00054;Lyon;213
2024-09-07;P00120;Marseille;287
2024-05-19;P00168;Lyon;207
2024-05-13;P00337;Lyon;66
2024-01-25;P00681;Paris;297
2024-05-20;P00980;Lyon;158
2024-08-27;P00280;Lyon;116
2024-08-24;P00371;Marseille;4
2024-02-04;P00152;Lyon;135
2024-10-13;P00484;Lyon;249
2024-10-01;P00819;Marseille;134
2024-12-20;P00685;Marseille;108
2024-09-09;P00097;Marseille;126
2024-04-11;P00137;Paris;272
2024-07-18;P00353;Marseille;292
2024-03-09;P00957;Marseille;265
2024-10-25;P00565;Lyon;11
2024-02-17;P00521;Marseille;165
2024-03-06;P00453;Paris;231
2024-11-16;P00994;Lyon;172
2024-01-19;P00950;Lyon;130
2024-03-06;P00401;Marseille;119
2024-12-21;P00188;Marseille;157
2024-02-08;P00934;Paris;146
2024-07-04;P00929;Lyon;125
2024-12-10;P00252;Paris;29
2024-02-07;P00159;Lyon;213
2024-12-13;P00975;Marseille;218
2024-02-08;P00265;Paris;223
2024-07-07;P00132;Paris;87
2024-10-23;P00394;Marseille;153
2024-08-27;P00559;Marseille;157
2024-03-11;P00074;Lyon;43
2024-12-25;P00725;Lyon;293
2024-10-10;P00709;Paris;105
2024-10-01;P00194;Paris;7
2024-06-26;P00416;Lyon;177
2024-10-26;P00196;Paris;291
2024-06-07;P00841;Lyon;142
2024-10-12;P00675;Marseille;134
2024-11-07;P00894;Paris;169
2024-03-07;P00693;Marseille;267
2024-09-29;P00423;Marseille;56
2024-06-30;P00517;Paris;61
2024-08-22;P00423;Paris;286
2024-08-14;P00101;Marseille;83
2024-10-04;P00479;Marseille;236
2024-09-01;P00418;Lyon;12
2024-07-06;P00315;Marseille;63
2024-11-01;P00915;Lyon;261
2024-09-12;P00389;Paris;92
2024-09-12;P00869;Marseille;264
2024-02-16;P00692;Paris;54
2024-10-05;P00858;Paris;142
2024-03-30;P00317;Marseille;3
2024-07-08;P00971;Marseille;70
2024-08-10;P00275;Paris;187
2024-03-14;P00583;Marseille;63
2024-08-22;P00837;Marseille;168
2024-09-17;P00282;Marseille;160
2024-09-08;P00863;Paris;121
2024-12-10;P00918;Marseille;279
2024-07-31;P00735;Marseille;58
2024-09-30;P00309;Marseille;194
2024-01-28;P00971;Lyon;265
2024-03-22;P00015;Marseille;165
2024-10-03;P00900;Lyon;160
2024-07-30;P00862;Marseille;218
2024-12-20;P00937;Paris;210
2024-01-17;P00217;Marseille;43
2024-07-31;P00117;Paris;27
2024-02-12;P00748;Paris;188
2024-12-08;P00705;Lyon;177
2024-07-22;P00303;Marseille;39
2024-11-21;P00083;Marseille;15
2024-01-05;P00563;Paris;193
2024-12-07;P00871;Lyon;68
2024-11-11;P00761;Marseille;174
2024-04-12;P00175;Marseille;195
2024-11-02;P00661;Lyon;259
2024-01-25;P00042;Lyon;62
2024-05-27;P00039;Paris;11
2024-06-17;P00207;Marseille;288
2024-08-01;P00374;Paris;6
2024-01-03;P00913;Marseille;168
2024-03-20;P00489;Marseille;87
2024-08-14;P00739;Marseille;203
2024-10-18;P00460;Paris;150
2024-12-27;P00884;Marseille;283
2024-05-03;P00054;Paris;77
2024-06-04;P00496;Paris;86
2024-06-25;P00298;Marseille;262
2024-07-16;P00962;Paris;299
2024-05-03;P00591;Lyon;44
2024-10-25;P00215;Paris;258
2024-03-10;P00123;Marseille;133
2024-04-16;P00219;Paris;7
2024-07-16;P00691;Paris;123
2024-08-01;P00842;Marseille;204
2024-10-05;P00554;Paris;72
2024-10-31;P00230;Marseille;96
2024-03-27;P00987;Paris;245
2024-03-28;P00078;Paris;85
2024-12-15;P00557;Lyon;222
2024-03-16;P00460;Lyon;226
2024-08-06;P00941;Marseille;105
2024-01-11;P00600;Lyon;63
2024-05-04;P00750;Marseille;10
2024-06-03;P00749;Paris;281
2024-10-23;P00078;Lyon;265
2024-06-05;P00368;Lyon;272
2024-03-21;P00069;Marseille;158
2024-12-05;P00111;Lyon;290
2024-11-30;P00704;Paris;156
2024-02-23;P00888;Lyon;67
2024-09-01;P00417;Marseille;206
2024-08-08;P00558;Marseille;46
2024-09-22;P00539;Marseille;87
2024-03-29;P00476;Lyon;275
2024-06-30;P00587;Lyon;251
2024-06-12;P00208;Paris;243
2024-08-25;P00552;Paris;115
2024-05-12;P00378;Lyon;162
2024-07-27;P00897;Marseille;265
2024-03-23;P00762;Paris;162
2024-01-12;P00611;Paris;230
2024-05-27;P00645;Marseille;153
2024-01-04;P00321;Lyon;2
2024-04-02;P00867;Lyon;67
2024-08-13;P00747;Lyon;45
2024-06-13;P00238;Paris;161
2024-05-18;P00878;Lyon;293
2024-08-22;P00133;Paris;264
2024-08-14;P00118;Paris;233
2024-12-30;P00863;Lyon;135
2024-05-23;P00296;Paris;91
2024-09-09;P00768;Lyon;102
2024-03-21;P00635;Lyon;119
2024-10-02;P00774;Lyon;5
2024-03-29;P00377;Lyon;87
2024-12-24;P00280;Paris;182
2024-02-22;P00254;Marseille;51
2024-12-09;P00752;Lyon;150
2024-09-26;P00736;Marseille;269
2024-11-29;P00593;Paris;161
2024-02-29;P00095;Lyon;63
2024-05-03;P00997;Marseille;238
2024-06-11;P00063;Lyon;96
2024-06-14;P00045;Paris;117
2024-09-22;P00940;Paris;145
2024-07-28;P00861;Lyon;38
2024-12-02;P00272;Lyon;247
2024-06-11;P00610;Marseille;147
2024-05-23;P00155;Marseille;73
2024-04-15;P00064;Paris;243
2024-01-03;P00270;Paris;117
2024-04-14;P00722;Paris;281
2024-06-12;P00257;Marseille;289
2024-08-25;P00945;Marseille;29
2024-04-02;P00601;Paris;17
2024-02-23;P00777;Lyon;65
2024-02-03;P00112;Lyon;270
2024-07-17;P00089;Marseille;75
2024-05-01;P00473;Marseille;268
2024-04-05;P00279;Lyon;23
2024-11-15;P00057;Lyon;14
2024-07-30;P00205;Paris;237
2024-03-02;P00806;Marseille;29
2024-05-02;P00643;Paris;120
2024-02-13;P00602;Marseille;118
2024-10-26;P00730;Paris;183
2024-09-06;P00695;Marseille;125
2024-09-16;P00769;Paris;294
2024-08-21;P00010;Paris;139
2024-08-04;P00175;Lyon;263
2024-07-16;P00461;Marseille;87
2024-08-27;P00134;Marseille;59
2024-11-27;P00541;Paris;172
2024-03-13;P00800;Paris;9
2024-03-11;P00156;Paris;153
2024-08-16;P00539;Lyon;129
2024-01-07;P00331;Marseille;50
2024-10-23;P00533;Paris;248
2024-07-03;P00751;Paris;177
2024-07-29;P00921;Paris;11
2024-11-06;P00365;Marseille;27
2024-05-18;P00406;Paris;203
2024-08-28;P00330;Paris;245
2024-11-10;P00902;Paris;182
2024-11-27;P00336;Lyon;34
2024-07-23;P00908;Lyon;254
2024-09-08;P00061;Paris;281
2024-04-02;P00508;Marseille;107
2024-12-19;P00081;Paris;221
2024-02-25;P00201;Lyon;67
2024-10-02;P00598;Lyon;108
2024-06-19;P00431;Lyon;210
2024-07-11;P00803;Lyon;119
2024-01-17;P00188;Paris;40
2024-06-09;P00122;Marseille;148
2024-10-02;P00109;Lyon;289
2024-01-22;P00622;Marseille;125
2024-02-04;P00771;Paris;23
2024-03-14;P00525;Paris;55
2024-03-24;P00549;Marseille;96
2024-07-08;P00014;Paris;4
2024-02-18;P00617;Marseille;203
2024-08-01;P00734;Paris;65
2024-06-06;P00276;Marseille;239
2024-01-01;P00019;Lyon;184
2024-09-26;P00309;Paris;171
2024-11-28;P00191;Lyon;212
2024-09-23;P00024;Lyon;266
2024-12-13;P00907;Marseille;232
2024-12-15;P00007;Paris;165
2024-05-28;P00081;Lyon;165
2024-03-13;P00023;Marseille;256
2024-06-19;P00238;Lyon;85
2024-08-18;P00906;Lyon;296
2024-12-15;P00022;Paris;178
2024-03-21;P00244;Lyon;129
2024-10-30;P00695;Lyon;84
2024-12-04;P00925;Lyon;276
2024-11-23;P00318;Paris;9
2024-01-20;P00801;Lyon;262
2024-06-22;P00895;Marseille;63
2024-09-21;P00236;Paris;53
2024-02-06;P00116;Marseille;235
2024-01-15;P00656;Lyon;19
2024-04-25;P00069;Paris;164
2024-11-11;P00572;Lyon;43
2024-10-03;P00961;Paris;138
2024-07-01;P00496;Lyon;161
2024-04-28;P00542;Lyon;20
2024-04-15;P00391;Marseille;249
2024-09-13;P00911;Marseille;85
2024-10-24;P00679;Paris;244
2024-03-19;P00020;Paris;297
2024-10-06;P00926;Lyon;167
2024-01-14;P00633;Marseille;20
2024-12-09;P00308;Lyon;288
2024-07-20;P00728;Marseille;233
2024-11-07;P00578;Lyon;16
2024-03-17;P00015;Paris;210
2024-03-21;P00904;Lyon;245
2024-04-05;P00520;Paris;130
2024-05-12;P00282;Paris;24
2024-04-29;P00697;Lyon;50
2024-08-18;P00420;Lyon;117
2024-06-05;P00835;Marseille;120
2024-01-29;P00527;Paris;242
2024-04-15;P00686;Marseille;101
2024-05-07;P00283;Lyon;49
2024-06-10;P00673;Paris;257
2024-07-06;P00405;Lyon;259
2024-08-13;P00513;Paris;18
2024-04-23;P00528;Lyon;165
2024-07-11;P00031;Lyon;91
2024-09-11;P00189;Paris;117
2024-02-25;P00169;Lyon;262
2024-01-02;P00796;Marseille;89
2024-10-17;P00435;Lyon;31
2024-06-11;P00730;Lyon;181
2024-09-18;P00788;Lyon;231
2024-11-19;P00257;Paris;249
2024-03-18;P00002;Lyon;169
2024-10-03;P00459;Lyon;152
2024-05-28;P00620;Paris;294
2024-12-11;P00108;Paris;264
2024-04-30;P00964;Paris;285
2024-10-19;P00742;Lyon;77
2024-07-26;P00615;Marseille;39
2024-08-22;P00212;Lyon;181
2024-11-11;P00043;Paris;274
2024-03-30;P00135;Lyon;215
2024-02-25;P00926;Marseille;145
2024-03-29;P00896;Lyon;228
2024-07-26;P00518;Lyon;261
2024-03-26;P00479;Lyon;284
2024-11-21;P00881;Marseille;47
2024-12-02;P00386;Paris;138
2024-05-26;P00350;Marseille;258
2024-05-30;P00676;Lyon;0
2024-12-16;P00715;Marseille;255
2024-06-11;P00025;Marseille;78
2024-10-03;P00084;Marseille;231
2024-08-31;P00392;Lyon;188
2024-08-26;P00141;Paris;140
2024-02-19;P00849;Lyon;264
2024-05-26;P00560;Paris;130
2024-12-13;P00345;Marseille;1
2024-11-06;P00085;Paris;226
2024-09-13;P00179;Marseille;169
2024-08-24;P00383;Marseille;117
2024-06-27;P00542;Marseille;54
2024-05-13;P00911;Lyon;83
2024-10-13;P00143;Marseille;218
2024-03-16;P00182;Marseille;199
2024-06-05;P00918;Paris;104
2024-02-09;P00246;Paris;277
2024-01-28;P00202;Lyon;275
2024-10-18;P00793;Paris;242
2024-09-16;P00529;Paris;189
2024-07-19;P00957;Paris;286
2024-12-10;P00999;Marseille;264
2024-01-27;P00928;Marseille;286
2024-07-02;P00184;Marseille;22
2024-01-19;P00165;Marseille;113
2024-08-19;P00230;Lyon;206
2024-04-28;P00215;Lyon;237
2024-05-15;P00759;Marseille;115
2024-09-13;P00544;Lyon;8
2024-02-13;P00968;Paris;182
2024-02-09;P00913;Paris;197
2024-07-21;P00107;Lyon;47
2024-03-15;P00672;Marseille;299
2024-05-20;P00891;Marseille;187
2024-10-05;P00404;Marseille;280
2024-07-06;P00061;Lyon;242
2024-10-17;P00268;Marseille;261
2024-02-05;P00162;Marseille;82
2024-08-02;P00690;Lyon;259
2024-08-07;P00960;Marseille;31
2024-07-22;P00277;Lyon;82
2024-05-11;P00493;Paris;222
2024-02-24;P00546;Marseille;69
2024-02-18;P00345;Paris;7
2024-03-15;P00314;Lyon;49
2024-11-27;P00251;Lyon;2
2024-11-21;P00649;Marseille;162
2024-10-18;P00419;Paris;196
2024-02-26;P00027;Marseille;256
2024-11-02;P00758;Lyon;0
2024-01-05;P00853;Paris;165
2024-01-25;P00578;Paris;279
2024-01-25;P00733;Marseille;11
2024-01-29;P00734;Marseille;188
2024-05-08;P00686;Paris;162
2024-10-15;P00019;Marseille;165
2024-06-03;P00556;Marseille;168
2024-11-08;P00968;Marseille;239
2024-11-06;P00571;Marseille;219
2024-01-09;P00904;Paris;233
2024-12-22;P00693;Lyon;248
2024-07-12;P00672;Lyon;271
2024-09-24;P00727;Marseille;166
2024-02-09;P00568;Paris;157
2024-10-09;P00857;Lyon;232
2024-11-21;P00439;Lyon;112
2024-02-29;P00519;Marseille;121
2024-06-08;P00066;Lyon;15
2024-08-25;P00580;Marseille;57
2024-10-29;P00031;Marseille;129
2024-01-22;P00162;Lyon;26
2024-12-29;P00721;Paris;87
2024-03-17;P00538;Lyon;183
2024-12-02;P00151;Marseille;17
2024-08-30;P00441;Paris;224
2024-07-15;P00852;Lyon;194
2024-07-17;P00797;Lyon;1
2024-01-03;P00021;Paris;176
2024-12-09;P00431;Paris;81
2024-01-10;P00464;Marseille;221
2024-05-24;P00008;Marseille;249
2024-12-08;P00684;Lyon;163
2024-01-25;P00208;Marseille;127
2024-05-20;P00941;Paris;224
2024-05-02;P00766;Marseille;45
2024-04-12;P00990;Paris;48
2024-07-18;P00132;Lyon;44
2024-03-20;P00476;Marseille;261
2024-11-22;P00183;Paris;198
2024-06-17;P00034;Paris;88
2024-03-06;P00410;Marseille;159
2024-03-14;P00870;Lyon;115
2024-01-11;P00139;Marseille;240
2024-01-05;P00868;Lyon;89
2024-10-30;P00929;Marseille;261
2024-10-11;P00472;Marseille;275
2024-06-27;P00228;Paris;83
2024-11-19;P00674;Paris;283
2024-08-31;P00096;Paris;62
2024-10-29;P00520;Marseille;217
2024-07-02;P00277;Marseille;246
2024-07-11;P00571;Lyon;144
2024-10-12;P00784;Paris;109
2024-07-20;P00721;Lyon;125
2024-09-12;P00482;Paris;157
2024-03-22;P00319;Lyon;198
2024-12-17;P00481;Lyon;206
2024-09-04;P00075;Lyon;299
2024-11-07;P00432;Paris;96
2024-05-14;P00737;Marseille;92
2024-02-17;P00213;Paris;257
2024-04-20;P00491;Paris;212
2024-10-10;P00923;Marseille;149
2024-07-30;P00301;Paris;270
2024-02-29;P00790;Paris;224
2024-10-19;P00167;Marseille;24
2024-07-20;P00400;Lyon;219
2024-09-29;P00424;Paris;84
2024-04-24;P00288;Marseille;246
2024-10-27;P00584;Lyon;127
2024-02-09;P00806;Paris;1
2024-01-29;P00661;Marseille;215
2024-09-23;P00927;Lyon;58
2024-08-22;P00165;Lyon;124
2024-01-01;P00339;Paris;103
2024-09-30;P00836;Lyon;99
2024-11-25;P00741;Marseille;127
2024-04-20;P00493;Lyon;224
2024-08-02;P00359;Lyon;108
2024-02-16;P00360;Lyon;155
2024-05-30;P00877;Paris;176
2024-10-24;P00373;Marseille;215
2024-03-26;P00531;Marseille;11
2024-07-20;P00365;Paris;213
2024-10-06;P00140;Paris;103
2024-01-27;P00404;Lyon;282
2024-04-06;P00693;Paris;248
2024-09-20;P00080;Paris;172
2024-04-11;P00360;Paris;61
2024-10-25;P00675;Lyon;129
2024-08-18;P00053;Paris;206
2024-02-20;P00131;Paris;266
2024-07-08;P00951;Marseille;164
2024-09-08;P00928;Paris;123
2024-06-02;P00989;Lyon;8
2024-01-31;P00221;Paris;15
2024-09-23;P00403;Lyon;287
2024-10-19;P00327;Lyon;69
2024-06-07;P00355;Marseille;254
2024-09-13;P00670;Marseille;91
2024-12-14;P00454;Paris;2
2024-01-27;P00522;Lyon;287
2024-08-14;P00114;Marseille;46
2024-05-11;P00247;Paris;161
2024-10-09;P00555;Marseille;299
2024-08-09;P00750;Lyon;89
2024-06-13;P00411;Paris;65
2024-05-28;P00088;Lyon;294
2024-02-13;P00326;Lyon;33
2024-12-31;P00970;Paris;198
2024-04-21;P00121;Lyon;102
2024-03-05;P00069;Lyon;161
2024-05-27;P00234;Lyon;293
2024-02-22;P00815;Paris;196
2024-12-25;P00238;Marseille;176
2024-03-15;P00795;Lyon;162
2024-12-18;P00408;Lyon;114
2024-07-02;P00083;Lyon;155
2024-04-04;P00082;Paris;183
2024-10-12;P00691;Lyon;182
2024-01-15;P00231;Marseille;284
2024-09-13;P00314;Marseille;40
2024-04-28;P00845;Marseille;126
2024-06-27;P00224;Paris;114
2024-07-08;P00205;Lyon;164
2024-03-21;P00190;Paris;138
2024-06-16;P00440;Marseille;230
2024-09-11;P00193;Lyon;98
2024-09-12;P00396;Marseille;273
2024-11-22;P00698;Paris;0
2024-02-24;P00836;Marseille;147
2024-04-15;P00669;Marseille;85
2024-01-14;P00228;Marseille;213
2024-03-28;P00341;Lyon;238
2024-10-23;P00537;Marseille;277
2024-08-15;P00323;Paris;263
2024-11-02;P00731;Marseille;247
2024-08-04;P00604;Marseille;282
2024-09-19;P00199;Paris;275
2024-06-19;P00847;Lyon;234
2024-01-02;P00535;Marseille;139
2024-07-14;P00094;Paris;59
2024-08-04;P00725;Marseille;14
2024-07-21;P00518;Paris;146
2024-05-05;P00855;Marseille;159
2024-07-03;P00281;Paris;280
2024-12-05;P00704;Marseille;104
2024-08-09;P00577;Lyon;256
2024-01-27;P00392;Paris;44
2024-05-02;P00407;Lyon;209
2024-09-15;P00546;Lyon;284
2024-03-20;P00965;Marseille;295
2024-09-29;P00222;Paris;50
2024-09-20;P00781;Lyon;226
2024-11-10;P00153;Marseille;241
2024-12-15;P00819;Lyon;120
2024-03-19;P00588;Marseille;214
2024-05-17;P00831;Lyon;236
2024-01-10;P00485;Paris;132
2024-05-09;P00068;Marseille;50
2024-10-15;P00548;Lyon;69
2024-08-01;P00220;Marseille;229
2024-10-28;P00063;Paris;240
2024-04-27;P00127;Paris;279
2024-12-28;P00698;Marseille;101
2024-03-13;P00696;Paris;157
2024-08-30;P00590;Marseille;235
2024-04-28;P00596;Lyon;165
2024-04-26;P00629;Lyon;146
2024-06-05;P00017;Marseille;261
2024-12-05;P00095;Marseille;154
2024-05-29;P00509;Marseille;139
2024-07-26;P00050;Lyon;26
2024-08-15;P00395;Lyon;147
2024-07-08;P00354;Paris;115
2024-03-08;P00154;Paris;146
2024-01-15;P00704;Lyon;126
2024-02-06;P00183;Lyon;164
2024-10-04;P00066;Paris;106
2024-05-17;P00052;Marseille;255
2024-09-05;P00467;Lyon;231
2024-03-02;P00878;Marseille;190
2024-10-13;P00399;Paris;3
2024-08-09;P00602;Paris;295
2024-06-21;P00688;Lyon;43
2024-04-08;P00827;Marseille;215
2024-08-31;P00005;Lyon;123
2024-11-14;P00803;Marseille;114
2024-09-11;P00712;Lyon;283
2024-01-16;P00118;Lyon;121
2024-03-08;P00198;Marseille;13
2024-04-27;P00369;Paris;281
2024-06-19;P00776;Paris;5
2024-02-01;P00728;Lyon;77
2024-03-27;P00094;Lyon;40
2024-12-06;P00037;Lyon;75
2024-04-19;P00224;Lyon;146
2024-08-24;P00409;Marseille;252
2024-05-22;P01000;Paris;8
2024-01-29;P00690;Marseille;101
2024-04-09;P00491;Marseille;197
2024-04-23;P00856;Marseille;42
2024-05-17;P00698;Lyon;295
2024-05-10;P00084;Paris;277
2024-01-23;P00166;Paris;82
2024-11-29;P00381;Paris;204
2024-03-12;P00630;Marseille;285
2024-03-27;P00505;Paris;121
2024-07-26;P00387;Marseille;98
2024-05-21;P00797;Paris;27
2024-12-05;P00895;Paris;52
2024-11-13;P00319;Paris;169
2024-11-30;P00367;Paris;295
2024-09-13;P00868;Marseille;256
2024-04-15;P00447;Marseille;299
2024-07-02;P00432;Marseille;160
2024-10-08;P00178;Marseille;240
2024-02-12;P00899;Marseille;169
2024-05-04;P00405;Marseille;228
2024-10-25;P00757;Paris;157
2024-06-17;P00534;Paris;5
2024-01-27;P00501;Lyon;101
2024-06-18;P00316;Paris;168
2024-06-30;P00581;Paris;88
2024-12-13;P00074;Marseille;287
2024-12-07;P00105;Paris;133
2024-03-23;P00104;Lyon;257
2024-01-18;P00882;Lyon;168
2024-02-18;P00279;Marseille;158
2024-01-24;P00916;Marseille;67
2024-06-22;P00256;Lyon;14
2024-04-12;P00646;Marseille;210
2024-05-05;P00258;Lyon;247
2024-07-26;P00329;Lyon;191
2024-09-11;P00264;Paris;209
2024-04-11;P00319;Marseille;131
2024-02-24;P00461;Lyon;254
2024-01-14;P00303;Lyon;283
2024-02-14;P00765;Marseille;56
2024-09-01;P00056;Paris;101
2024-11-02;P00479;Paris;264
2024-08-27;P00269;Paris;184
2024-12-18;P00947;Paris;18
2024-11-19;P00826;Lyon;67
2024-04-09;P00146;Marseille;58
2024-08-21;P00864;Paris;198
2024-06-07;P00921;Lyon;86
2024-03-13;P00906;Paris;11
2024-05-08;P00955;Paris;43
2024-06-27;P00463;Paris;248
2024-11-03;P00682;Lyon;160
2024-11-21;P00090;Paris;123
2024-02-01;P00524;Marseille;54
2024-05-29;P00382;Lyon;299
2024-08-13;P00557;Paris;106
2024-07-10;P00179;Paris;119
2024-11-30;P00458;Marseille;231
2024-08-02;P00128;Marseille;267
2024-10-06;P00760;Marseille;123
2024-06-09;P00888;Marseille;168
2024-03-19;P00680;Paris;262
2024-10-20;P00767;Marseille;10
2024-03-11;P00408;Paris;265
2024-10-07;P00326;Paris;215
2024-01-30;P00125;Marseille;32
2024-11-27;P00153;Paris;285
2024-10-05;P00615;Paris;64
2024-02-26;P00434;Paris;197
2024-03-16;P00136;Marseille;251
2024-02-14;P00409;Paris;154
2024-04-23;P00855;Lyon;169
2024-11-16;P00640;Marseille;73
2024-08-15;P00480;Marseille;73
2024-12-31;P00351;Marseille;89
2024-09-19;P00243;Marseille;226
2024-04-11;P00421;Paris;250
2024-05-29;P00505;Marseille;1
2024-12-29;P00570;Paris;49
2024-10-19;P00195;Paris;76
2024-03-23;P00619;Lyon;111
2024-02-21;P00618;Paris;29
2024-11-08;P00599;Lyon;77
2024-02-11;P00914;Marseille;48
2024-07-04;P00522;Paris;148
2024-10-10;P00437;Lyon;251
2024-04-17;P00488;Marseille;126
2024-07-12;P00998;Marseille;33
2024-03-26;P00411;Marseille;247
2024-10-11;P00973;Marseille;219
2024-11-26;P00396;Lyon;178
2024-08-05;P00158;Marseille;235
2024-05-08;P00191;Marseille;14
2024-09-19;P00013;Marseille;292
2024-02-17;P00973;Paris;195
2024-06-21;P00977;Marseille;3
2024-10-02;P00836;Paris;266
2024-05-06;P00468;Lyon;109
2024-08-16;P00350;Paris;96
2024-02-03;P00262;Lyon;12
2024-04-24;P00448;Marseille;91
2024-10-18;P00660;Paris;172
2024-11-26;P00740;Lyon;255
2024-11-22;P00004;Lyon;223
2024-04-24;P00947;Marseille;12
2024-08-07;P00076;Paris;201
2024-02-04;P00341;Marseille;16
2024-03-16;P00020;Lyon;12
2024-05-08;P00665;Paris;150
2024-08-18;P00384;Paris;249
2024-07-08;P00881;Lyon;16
2024-09-13;P00989;Paris;32
2024-04-12;P00079;Marseille;237
2024-12-25;P00981;Paris;298
2024-09-10;P00110;Paris;267
2024-03-08;P00389;Lyon;255
2024-09-12;P00372;Lyon;191
2024-09-27;P00722;Marseille;218
2024-01-18;P00946;Lyon;4
2024-10-29;P00416;Paris;126
2024-05-03;P00679;Lyon;202
2024-07-06;P00961;Marseille;110
2024-11-10;P00369;Marseille;275
2024-04-24;P00905;Lyon;216
2024-11-23;P00255;Lyon;132
2024-06-26;P00347;Marseille;87
2024-11-08;P00213;Lyon;277
2024-10-21;P00296;Marseille;152
2024-12-24;P00171;Marseille;168
2024-03-11;P00933;Lyon;3
2024-10-06;P00218;Paris;155
2024-08-22;P00527;Marseille;91
2024-03-04;P00648;Lyon;231
2024-10-05;P00833;Marseille;128
2024-01-09;P00297;Marseille;115
2024-03-21;P00152;Marseille;247
2024-02-01;P00792;Paris;195
2024-02-05;P00699;Lyon;196
2024-06-30;P00780;Paris;79
2024-05-23;P00361;Marseille;18
2024-11-23;P00537;Paris;257
2024-11-03;P00483;Marseille;271
2024-05-21;P00534;Lyon;240
2024-04-19;P00518;Marseille;105
2024-05-06;P00113;Lyon;220
2024-02-13;P00860;Marseille;148
2024-03-06;P00469;Lyon;226
2024-05-08;P00527;Lyon;18
2024-08-20;P00095;Paris;261
2024-11-18;P00975;Paris;23
2024-05-27;P00932;Paris;52
2024-10-13;P00164;Lyon;159
2024-10-07;P00287;Paris;277
2024-05-31;P00232;Lyon;179
2024-04-12;P00651;Marseille;18
2024-12-26;P00811;Marseille;290
2024-03-13;P00178;Paris;74
2024-05-29;P00034;Lyon;210
2024-07-24;P00695;Paris;67
2024-08-11;P00828;Paris;240
2024-05-25;P00246;Lyon;168
2024-09-17;P00786;Paris;9
2024-08-18;P00785;Paris;115
2024-03-12;P00486;Paris;31
2024-09-21;P00723;Lyon;285
2024-06-25;P00902;Marseille;136
2024-07-08;P00193;Paris;115
2024-11-11;P00644;Paris;111
2024-09-11;P00267;Paris;255
2024-02-14;P00884;Paris;273
2024-05-14;P00443;Paris;121
2024-12-01;P00913;Lyon;129
2024-01-29;P00598;Marseille;152
2024-02-08;P00490;Lyon;258
2024-11-11;P00370;Paris;143
2024-04-09;P00764;Marseille;292
2024-12-06;P00072;Lyon;199
2024-12-24;P00613;Marseille;58
2024-09-14;P00992;Marseille;141
2024-08-12;P00422;Marseille;224
2024-08-27;P00131;Marseille;38
2024-10-07;P00059;Paris;159
2024-02-29;P00068;Lyon;55
2024-11-08;P00706;Lyon;12
2024-12-17;P00080;Marseille;166
2024-06-13;P00388;Paris;239
2024-02-28;P00437;Paris;204
2024-07-02;P00106;Marseille;92
2024-04-19;P00420;Paris;53
2024-01-17;P00249;Paris;123
2024-12-18;P00494;Lyon;230
2024-12-16;P00631;Lyon;273
2024-04-19;P00875;Paris;118
2024-09-04;P00425;Marseille;104
2024-06-09;P00863;Marseille;199
2024-12-21;P00268;Paris;218
2024-05-19;P00953;Marseille;98
2024-06-09;P00339;Lyon;260
2024-09-14;P00531;Lyon;72
2024-10-03;P00614;Marseille;85
2024-08-10;P00903;Marseille;221
2024-10-24;P00516;Lyon;1
2024-01-03;P00089;Lyon;163
2024-08-27;P00517;Marseille;140
2024-07-04;P00278;Lyon;106
2024-11-16;P00461;Paris;42
2024-04-01;P00035;Marseille;26
2024-06-29;P00804;Paris;24
2024-07-29;P00655;Lyon;261
2024-12-03;P00017;Paris;22
2024-12-15;P00263;Marseille;108
2024-08-13;P00930;Paris;223
2024-03-01;P00355;Lyon;281
2024-07-04;P00394;Paris;289
2024-03-28;P00747;Paris;284
2024-07-05;P00653;Lyon;261
2024-12-26;P00050;Marseille;210
2024-01-07;P00049;Marseille;4
2024-05-05;P00241;Lyon;165
2024-04-15;P00541;Lyon;27
2024-07-25;P00234;Paris;207
2024-12-20;P00380;Lyon;74
2024-10-15;P00072;Paris;227
2024-08-21;P00334;Lyon;142
2024-12-28;P00969;Lyon;244
2024-09-15;P00178;Lyon;200
2024-03-03;P00770;Lyon;68
2024-11-26;P00771;Marseille;229
2024-08-23;P00787;Marseille;42
2024-02-12;P00244;Marseille;99
2024-04-01;P00224;Marseille;100
2024-07-25;P00927;Paris;41
2024-07-30;P00847;Paris;284
2024-08-03;P00002;Paris;226
2024-06-02;P00784;Marseille;37
2024-02-06;P00323;Marseille;97
2024-02-29;P00475;Lyon;35
2024-12-27;P00025;Paris;222
2024-02-26;P00422;Paris;258
2024-08-25;P00162;Paris;125
2024-02-25;P00778;Paris;142
2024-07-25;P00299;Marseille;128
2024-07-01;P00304;Paris;146
2024-02-29;P00468;Paris;20
2024-06-12;P00093;Lyon;80
2024-03-15;P00629;Paris;117
2024-07-30;P00457;Paris;291
2024-11-17;P00392;Marseille;236
2024-10-08;P00405;Paris;114
2024-09-30;P00308;Paris;150
2024-01-16;P00440;Paris;211
2024-09-10;P00040;Marseille;235
2024-10-05;P00808;Marseille;239
2024-09-06;P00295;Lyon;278
2024-03-28;P00241;Paris;46
2024-11-26;P00713;Lyon;163
2024-10-07;P00969;Paris;14
2024-04-12;P00729;Paris;170
2024-02-06;P00914;Paris;292
2024-08-05;P00716;Marseille;119
2024-04-09;P00218;Lyon;49
2024-06-08;P00103;Lyon;17
2024-06-21;P00550;Lyon;105
2024-04-01;P00291;Paris;200
2024-11-28;P00191;Paris;266
2024-05-21;P00446;Marseille;51
2024-07-07;P00386;Lyon;253
2024-09-28;P00023;Lyon;41
2024-11-14;P00719;Lyon;216
2024-03-04;P00188;Lyon;195
2024-02-24;P00839;Lyon;113
2024-04-22;P00737;Lyon;252
2024-01-25;P00672;Paris;190
2024-06-26;P00555;Lyon;171
2024-06-15;P00823;Paris;264
2024-12-14;P00176;Lyon;105
2024-02-18;P00772;Marseille;290
2024-11-18;P00635;Paris;200
2024-12-15;P00605;Paris;84
2024-07-19;P00021;Marseille;264
2024-05-25;P00243;Paris;192
2024-01-31;P00988;Paris;192
2024-11-12;P00676;Paris;43
2024-06-10;P00647;Paris;20
2024-07-04;P00073;Lyon;198
2024-07-01;P00769;Marseille;166
2024-05-16;P00700;Paris;7
2024-05-13;P00335;Marseille;25
2024-08-07;P00900;Marseille;253
2024-05-07;P00717;Paris;20
2024-05-15;P00596;Paris;191
2024-07-16;P00489;Lyon;81
2024-11-05;P00616;Marseille;4
2024-06-11;P00350;Lyon;250
2024-06-24;P00872;Lyon;74
2024-06-27;P00987;Lyon;93
2024-01-07;P00512;Paris;72
2024-05-25;P00844;Lyon;280
2024-01-01;P00343;Lyon;243
2024-08-17;P00999;Paris;216
2024-04-05;P00512;Lyon;285
2024-02-04;P00328;Paris;37
2024-09-14;P00362;Lyon;289
2024-05-07;P00041;Marseille;268
2024-01-31;P00945;Paris;285
2024-08-19;P00840;Lyon;53
2024-03-23;P00196;Marseille;29
2024-12-29;P00699;Marseille;250
2024-12-30;P00504;Marseille;114
2024-12-02;P00037;Marseille;258
2024-04-04;P00599;Marseille;193
2024-03-18;P00220;Paris;279
2024-05-15;P00630;Paris;248
2024-11-06;P00498;Marseille;180
2024-01-15;P00546;Paris;140
2024-01-24;P00441;Lyon;43
2024-04-07;P00445;Lyon;257
2024-12-16;P00301;Marseille;231
2024-06-07;P00071;Marseille;167
2024-01-31;P00198;Lyon;181
2024-08-14;P00273;Marseille;145
2024-12-18;P00271;Marseille;52
2024-09-23;P00093;Paris;16
2024-08-14;P00870;Paris;169
2024-01-02;P00833;Paris;188
2024-12-17;P00865;Paris;1
2024-03-03;P00379;Marseille;112
2024-04-14;P00617;Paris;289
2024-04-06;P00141;Lyon;27
2024-02-01;P00271;Lyon;64
2024-04-03;P00875;Lyon;109
2024-02-18;P00464;Lyon;168
2024-02-11;P00577;Paris;185
2024-01-19;P00189;Lyon;53
2024-05-19;P00324;Paris;254
2024-04-19;P00158;Lyon;222
2024-02-11;P00170;Paris;89
2024-08-02;P00362;Paris;266
2024-11-03;P00092;Marseille;67
2024-01-15;P00410;Paris;135
2024-03-04;P00837;Paris;45
2024-09-11;P00877;Lyon;232
2024-04-27;P00115;Marseille;296
2024-03-02;P00293;Paris;112
2024-04-20;P00923;Paris;161
2024-02-06;P00953;Paris;67
2024-12-16;P00506;Lyon;125
2024-03-19;P00302;Paris;233
2024-04-16;P00808;Paris;248
2024-05-11;P00621;Lyon;218
2024-12-27;P00600;Paris;226
2024-08-22;P00287;Lyon;183
2024-03-30;P00062;Marseille;286
2024-10-19;P00544;Paris;153
2024-01-11;P00505;Lyon;90
2024-08-10;P00157;Marseille;277
2024-11-08;P00058;Lyon;63
2024-09-15;P00039;Lyon;207
2024-09-28;P00877;Marseille;269
2024-10-21;P00371;Paris;91
2024-08-30;P00304;Marseille;35
2024-08-09;P00008;Lyon;284
2024-12-29;P00585;Marseille;219
2024-06-22;P00283;Paris;169
2024-02-05;P00880;Paris;175
2024-06-03;P00204;Lyon;34
2024-10-07;P00429;Marseille;232
2024-03-03;P00729;Marseille;181
2024-06-01;P00426;Marseille;188
2024-08-16;P00843;Paris;198
2024-08-04;P00757;Lyon;57
2024-12-06;P00746;Lyon;115
2024-04-06;P00134;Paris;10
2024-10-09;P00936;Paris;207
2024-03-02;P00412;Paris;212
2024-09-04;P00654;Lyon;174
2024-01-18;P00422;Lyon;82
2024-07-20;P00627;Lyon;289
2024-11-17;P00140;Lyon;259
2024-06-05;P00302;Marseille;109
2024-10-02;P00931;Marseille;66
2024-08-31;P00013;Lyon;30
2024-11-02;P00511;Lyon;8
2024-03-06;P00213;Marseille;165
2024-04-12;P00328;Lyon;232
2024-08-29;P00887;Marseille;235
2024-11-04;P00488;Paris;100
2024-01-08;P00918;Lyon;208
2024-09-20;P00236;Lyon;29
2024-08-07;P00247;Marseille;285
2024-05-10;P00666;Lyon;84
2024-06-26;P00007;Marseille;209
2024-12-01;P00696;Marseille;212
2024-06-17;P00950;Paris;207
2024-09-20;P00502;Paris;9
2024-11-23;P00055;Marseille;67
2024-11-03;P00861;Paris;267
2024-11-02;P00787;Paris;69
2024-06-24;P00862;Lyon;158
2024-08-01;P00664;Marseille;33
2024-12-31;P00202;Paris;217
2024-07-05;P00025;Lyon;87
2024-03-12;P00142;Paris;83
2024-11-21;P00306;Lyon;146
2024-06-19;P00949;Paris;293
2024-02-07;P00853;Marseille;32
2024-12-03;P00591;Paris;120
2024-08-31;P00748;Marseille;30
2024-05-29;P00971;Paris;179
2024-10-28;P00303;Paris;76
2024-01-31;P00709;Marseille;118
2024-04-14;P00487;Paris;11
2024-01-23;P00668;Paris;267
2024-01-19;P00312;Marseille;192
2024-10-13;P00310;Lyon;99
2024-03-30;P00554;Lyon;57
2024-06-27;P00458;Lyon;128
2024-07-20;P00592;Lyon;256
2024-02-21;P00289;Paris;230
2024-02-17;P00428;Paris;295
2024-03-20;P00818;Marseille;285
2024-05-24;P00770;Paris;195
2024-09-07;P00663;Lyon;280
2024-08-05;P00249;Lyon;32
2024-01-11;P00708;Marseille;287
2024-10-04;P00149;Lyon;187
2024-11-10;P00126;Marseille;160
2024-11-18;P00419;Lyon;185
2024-07-10;P00187;Marseille;84
2024-08-14;P00988;Marseille;61
2024-12-02;P00566;Paris;4
2024-06-04;P00508;Paris;22
2024-09-13;P00124;Paris;106
2024-03-31;P00728;Paris;161
2024-12-09;P00525;Lyon;265
2024-01-17;P00736;Lyon;95
2024-04-23;P00091;Paris;54
2024-08-20;P00572;Paris;234
2024-09-13;P00583;Paris;220
2024-02-21;P00995;Paris;295
2024-09-10;P00667;Marseille;13
2024-07-02;P00457;Lyon;108
2024-03-04;P00601;Lyon;141
2024-03-21;P00506;Marseille;161
2024-03-17;P00357;Marseille;128
2024-03-09;P00638;Marseille;39
2024-01-09;P00359;Paris;295
2024-07-31;P00146;Lyon;176
2024-06-04;P00780;Lyon;230
2024-01-29;P00044;Lyon;137
2024-05-05;P00487;Lyon;60
2024-05-08;P00850;Marseille;235
2024-06-25;P00410;Lyon;0
2024-04-13;P00437;Marseille;60
2024-02-16;P00018;Marseille;274
2024-10-10;P00451;Lyon;257
2024-01-02;P00607;Marseille;83
2024-11-09;P00024;Paris;210
2024-11-27;P00412;Lyon;276
2024-06-18;P00705;Marseille;141
2024-07-11;P00838;Lyon;159
2024-02-21;P00330;Lyon;248
2024-12-22;P00116;Paris;24
2024-12-03;P00189;Marseille;296
2024-10-26;P00814;Marseille;145
2024-06-02;P00570;Lyon;208
2024-09-09;P00148;Lyon;239
2024-02-16;P00313;Paris;44
2024-05-03;P00459;Paris;59
2024-08-31;P00673;Marseille;161
2024-12-02;P00341;Paris;260
2024-08-01;P00802;Marseille;139
2024-10-01;P00509;Lyon;106
2024-06-05;P00190;Lyon;15
2024-05-28;P00077;Marseille;47
2024-08-09;P00083;Paris;184
